Cluster ID	Peptide Sequence	External IDs	Charge	Average RT	Average m/z	4-5_PValue	4-6_PValue	5-6_PValue	4-5_AdjPVal	4-6_AdjPVal	5-6_AdjPVal	4-5_log2FoldChange	4-6_log2FoldChange	5-6_log2FoldChange	featureAvg	s_125amol_1	s_125amol_2	s_125amol_3	s_125amol_4	s_12500amol_1	s_12500amol_2	s_12500amol_3	s_12500amol_4	s_25000amol_1	s_25000amol_2	s_25000amol_3	s_25000amol_4
1493882053114	AAAAEINVKD	P38156	2	20.250505	501.2679862621	0.443560640393097	0.010537230011022	0.0410676283127591	0.668861283132448	0.0435233413498733	0.304591673701744	-12468094	-49139096	-36671002	114199686	98182352	87241776	98702800	90528896	115597000	109302000	100314000	99315200	99315200	185658000	161331008	124908000
1493881927653	AAAAQDEITGDGTTTVVCLVGELLR	P39079	3	101.865166	854.1034586556	0.0210543956164818	0.0035923730316398	0.317142307128662	0.133344505571051	0.0254925732584161	0.547791257767689	16766450	23216022	6449572	106111785.333333	120003104	115310000	111234000	131210000	117092368	99896304	95537504	98165128	98165128	98281640	89248152	99198096
1493881396345	AAADALSDLEIK,+	P09938	2	64.62951	608.8250074758	0.118726550739427	0.00567464367324154	0.0742968600357899	0.388931804146398	0.0299495082754415	0.304591673701744	-39857736	-90266661.3333334	-50408925.3333334	391992910.545455	359542016	351060000	354751008	346171008	401188000	388697984	401801984	379267008	379267008	512216992	437959008	NA
1493881225551	AAADALSDLEIKDSK	P09938	2	50.1318	773.8997288964	0.00858936624225733	0.00347475305201226	0.425632999599367	0.0815989793014446	0.0254925732584161	0.622102973220988	15873630	20140476.6666667	4266846.66666666	30144913.6363636	40609900	37849800	45287800	41892500	30600710	25456400	20077100	26011270	26011270	NA	26446100	11351200
1493881763263	AAADALSDLEIKDSK	P09938	3	50.039753	516.2697216115	1.64693898264409e-05	5.00221616892407e-05	0.363130270987809	0.000312918406702377	0.000792017560079644	0.574956262397365	72225398	63339148	-8886250	115216066	144060000	151791008	172812992	172952992	90354400	100388000	85776600	76196400	76196400	107399000	102917000	101748000
1493881234323	AAAEYEKGEYETAISTLNDAVEQGR	P15705	3	81.50826	905.7637891403	4.46767539267863e-07	5.73750186669364e-07	0.764126244977831	1.41476387434823e-05	2.72531338667948e-05	0.85055800352872	245982504	239428508	-6553996	322097833.333333	484771008	433919008	510504000	506412000	232752000	242820000	221190000	254914000	254914000	200944992	230260000	291772992
1493882097470	AAAHYIR	P14540	2	32.6138	401.2219424832	NA	NA	NA	NA	NA	NA	NA	NA	NA	NA	NA	NA	NA	NA	NA	NA	NA	NA	NA	244940992	NA	NA
1493881220078	AAALVGQASGVEGHF	P19657	2	30.936956	707.3614414521	0.302728180257075	0.927462362567491	0.344003569363764	0.607342870346073	0.946358837466924	0.573206019310283	7386972	634522	-6752450	39411640.6666667	46069600	58039700	36128088	28104500	30481300	36562000	39531100	32219600	32219600	38272400	44242000	51069800
1493881773839	AAAPAQTTTDYK	Q06505	2	13.681122	619.3002225854	0.701176643976544	0.926588242511965	0.769975969703278	0.951596873968167	0.946358837466924	0.85055800352872	1945792.5	465500	-1480292.5	13174218.3333333	15265720	16576070	19681540	4388600	9698970	10369200	7648380	20412210	20412210	14644700	8485820	10507200
1493881232890	AAAPTVVFLDELDSIAK	P25694	2	98.53253	880.480182311	0.126107244942116	0.936397165493587	0.143559956117279	0.399339608983368	0.946358837466924	0.359512108729331	33672000	1650000	-32022000	410434000	398161984	413579008	444926016	432164992	388051008	374689984	414495008	376908000	376908000	420839008	479444992	405040000
1493881207444	AAAPTVVFLDELDSIAK	P25694	3	98.52632	587.3222929294	0.431143091592217	0.847892046967506	0.33309763643562	0.660622479052591	0.936624935603641	0.565076347524713	10334748	-2479498	-12814246	130011333.333333	127855000	126425000	148614000	127625000	114933000	115779000	139283008	119185000	119185000	145814000	168180992	107257000
1493881516292	AAAQDGYVPQR	P27692	2	17.471907	588.2934436831	0.0321315816570134	0.0368124121736516	0.796838550674275	0.172469351381516	0.106490445823666	0.85055800352872	25282778.3333333	22639020	-2643758.33333333	23149070.9090909	66393600	37803300	33487100	15422980	13162700	NA	12751400	13067800	13067800	16599700	17917600	14965800
1493881231971	AAATFPIAQPATDVEAR	P40212,Q12690	2	60.826897	864.9495501166	0.939270083151624	0.0740137975138151	0.0649746981319896	0.979842994380686	0.146485640912759	0.304591673701744	1204992	-30796512	-32001504	324739832	345124992	319641984	305804000	288932992	313152992	319603008	302728992	319199008	319199008	387204992	346055008	330231008
1493881438504	AACLLPK,+	P02768ups	2	28.21106	386.7292965685	0.27833882742863	0.0116941215119814	0.0818006920242201	0.596000836595634	0.0462892309849263	0.304591673701744	-88582055	-238157006	-149574951	187313592.333333	78556096	88932304	73577600	72536288	63990700	176114592	174197104	253628112	253628112	479784000	445188800	87629400
1493881250250,1493881440092,1493881917799,1493881974430	AADALLLK	P00925,P00924	2	44.403503	407.7557621476	0.959884068720366	0.0445920711511269	0.048663328429288	0.979842994380686	0.111480177877817	0.304591673701744	-52050175	-2319362950	-2267312775	8097577341.66667	7472493100	7384278000	7511400400	6860253700	7368980000	7373371900	7397083600	7297190400	7297190400	13194572800	9700249600	8313864200
1493881848778	AADCEPIEILLHLPLLCEDK	P39990	3	101.32164	783.7350394823	0.971107527348646	0.453963826273046	0.43338836084248	0.979842994380686	0.607416387266752	0.623816580000539	-910312	19100879	20011191	80414803.6666667	96664704	81209800	77889200	90149600	131127296	44976060	137488096	35963100	35963100	62303480	107601008	63642200
1493881465797	AADETAAAFYPSK	P32263	2	38.60521	671.3196130063	0.216404544540078	0.879767069634334	0.0598497058319176	0.50142516417823	0.946358837466924	0.304591673701744	31223317.3333333	-3450016	-34673333.3333333	293077256	NA	NA	NA	303060992	NA	265100000	275847008	274566016	274566016	309020992	337931008	304526016
1493881858472	AADGGVLQR	Q99258	2	14.55188	443.7402859332	0.0195170688898842	0.0507549364271	0.360057074660973	0.132437253181357	0.120542974014363	0.574956262397365	34698261.6666667	23871076.6666667	-10827185	26557447.5	NA	39269400	41245100	52036500	11900000	7070810	NA	NA	NA	21998300	2637370	36302100
1162867,1493882039380	AADLINLAK,+	P07342	2	50.810345	464.7727569666	0.0266892674289263	0.0895763679452597	0.489153758769482	0.15846752535925	0.163649133746148	0.673472566421751	42699148	30901850	-11797298	109759358	140173808	183523296	110468400	103006592	93652704	82278800	85168304	105275696	105275696	111973000	117128000	79188000
1493882071936	AAEAATTDLTYR	Q12363	2	29.963533	641.8174115323	0.358418429953856	0.0166192479139512	0.0849189691992808	0.637769787416974	0.0584751315490876	0.304591673701744	-62402104.5	-186418858	-124016753.5	572864968.833333	496312000	471483616	501500992	490401984	532504992	532623008	588556990	555622020	555622020	813694020	820984000	515073984
1493881242542	AAEEADADAELADEEDAIHDEL	P17967	2	81.75643	1171.4939071335	0.379059602889171	0.0381123700842594	0.172508763367342	0.637769787416974	0.106490445823666	0.399715427314573	-11532252	-29948004	-18415752	198744000	185164992	172968000	180624000	200912000	214616992	186955008	196732000	187494000	187494000	229124000	243607008	199236000
1493882082029	AAEEAGVTDVK	P19097	2	14.869782	545.2741050673	0.407132418737203	0.0444368424228135	0.147589181478357	0.655552199661598	0.111480177877817	0.359512108729331	-7623316.66666666	-20488466.6666667	-12865150	39469400	16829300	NA	31680300	39231200	45548000	37189000	28110000	36634000	36634000	69060400	50408000	42839200
1493881475404	AAEENFNADDKTISDTAAVVGVK	P16862	3	63.290688	789.0558651017	0.149631706267336	0.2180970185491	0.895820783104032	0.458548777270869	0.32373776190882	0.925032330379164	28803000	26144911.9999999	-2658088.00000006	195718999.272727	194188992	208255008	195948000	254900992	170874000	219998000	179896992	167312000	167312000	NA	219444000	174779008
1493882128930	AAEIGVSGVVLSNHGGR	P00175	3	47.778522	541.6250282728	0.398886660921031	0.718795094918968	0.586073308805615	0.653348841163758	0.86336834275105	0.762628120738001	-6928175	-3047406.66666667	3880768.33333333	16698341.1111111	18023200	NA	NA	7183500	13854200	23174000	23066400	18031500	18031500	NA	25692800	3227970
1493881450119,1493881904796	AAEILLENR	P38689	2	40.273815	514.7923414331	0.167302123223449	0.0221604056034041	0.144401353328629	0.466373025095457	0.075187090440121	0.359512108729331	-10781966.6666667	-21084866.6666667	-10302900	15215682.5	4421880	NA	2109360	NA	NA	13546090	14060930	14535740	14535740	32249210	26266510	NA
1493881574069,1493881617121,1493881639628,1493882026316	AAEPHAVSLAWSADGQTLFAGYTDNVIR	P38011	3	128.70183	987.4893841411	0.345543869389696	0.0772426156578851	0.349957359157857	0.637769787416974	0.147523127800259	0.573206019310283	56797368	113052888	56255520	180438660	118023632	264052384	358247296	207898336	157758752	273804192	104341024	185128208	185128208	48009744	201691904	61180240
1493881439306	AAFEDLK	P07149	2	28.602129	397.2082461749	0.951019685775927	0.16775762881163	0.152127152239527	0.979842994380686	0.261261880936145	0.361301986568877	1842252	-43526244	-45368496	254571916	234938000	248480000	237588000	241703008	220004000	246851008	259120000	229364992	229364992	361336992	330244000	215868000
1493881203445	AAFGLAEAGYK	Q00711,P47052	2	50.772182	549.2846683244	0.946609268449747	0.836639109249588	0.784958479481286	0.979842994380686	0.935067239749539	0.85055800352872	551951	-1701225	-2253176	76044741.3333333	68892496	77316000	80990600	75447504	83866096	82031800	73065000	61475900	61475900	91372000	89928600	66675000
17260,1493881424352,1493881872416,1493881915126,1493882096159	AAFGNCHGLYAGDIALRPEILAEHQK	P14540	3	82.140465	951.149197349	0.425387938930607	0.923782984316	0.375975945303101	0.660622479052591	0.946358837466924	0.585536308258928	-42156672	4938458.66666672	47095130.6666667	149770903.111111	131577000	44417400	236100096	NA	147932992	212603008	NA	178028512	178028512	79187600	140063008	NA
19036,19263,208768,208970,415131,586627,1026955,1037883,1128721,1493881280760,1493881344501,1493881913469,1493881968370,1493882130328	AAFGNCHGLYAGDIALRPEILAEHQK	P14540	4	81.32956	713.6136344215	0.885123825892077	0.447070301199014	0.611278556014098	0.979842994380686	0.606738265912948	0.762628120738001	-29722799.5	-140952827.5	-111230028	162085694.888889	134685200	28834600	247350240	23115370	NA	NA	263434304	13004000	13004000	NA	41404400	693939140
1493881185548	AAFIER	P49723	2	20.051712	353.697638474	0.493444050234236	0.122059206996992	0.0374233002907799	0.732456012066444	0.199924563184728	0.304591673701744	24310740	-57804512	-82115252	287673086.666667	266036000	261012992	278776000	300208992	287390016	252972000	233850000	234579008	234579008	411539008	390395008	300739008
1493881193467	AAFIYYR	P17649	2	48.11109	452.2397867465	0.104899605378349	0.727047025474569	0.184705602880682	0.355909375390827	0.86336834275105	0.417786482706305	11142014	2241850	-8900164	77731436	82309296	85873296	81511504	79076800	75084704	79121296	66873440	63123400	63123400	90861800	82939696	82878600
1493881195750	AAFLGSEVR	P07256	2	39.16381	475.2590707344	0.805398906057776	0.0776437514738205	0.0508287677146719	0.979842994380686	0.147523127800259	0.304591673701744	3104744	-24148756	-27253500	189247918.666667	196372992	175779008	175764000	181016992	185559008	179436000	177364000	174155008	174155008	236243008	223806000	191324000
1493881212684	AAFNYQFDSIIEHSEK	P53252	3	78.51942	633.6359129309	0.0592149702487507	0.00397355113505903	0.141043503748988	0.267877246363396	0.0254925732584161	0.359512108729331	-32398992	-56723992	-24325000	331845661.333333	328055008	291752992	275260000	313484000	345646016	327889984	319121984	345489984	345489984	392532000	367932992	329492992
1493881218040	AAFTECCQAADK	P02768ups	2	18.55893	686.2866460068	NA	NA	NA	NA	NA	NA	NA	NA	NA	NA	NA	NA	NA	NA	247340000	224620000	224639008	450608000	450608000	747299970	596838020	33176200
1493881245106	AAFVAIGNTYGFLTPNLWAEQPLPVSPLDIYSDEASAQK	P25443	3	103.38569	1398.7116950036	0.00227201883205975	0.00155150924508604	0.813827221836805	0.0269802236307096	0.0163770420314638	0.854965203231311	-161950270	-171558770	-9608500	801434160	682086980	598374980	718497980	762097980	786353980	903515010	819441980	899548030	899548030	846502980	803523010	897718980
1493881239707	AAFVAIGNTYGFLTPNLWAEQPLPVSPLDIYSDEASAQK	P25443	4	103.39051	1049.284998837	0.0835954985765103	0.00845580491821369	0.206425616347377	0.317662894590739	0.0382524508204905	0.425748855292944	-172003512	-292900750	-120897238	680645832.333333	500633984	521668992	544774020	535633984	533623008	699470980	726854020	830777020	830777020	1033529980	845475010	564531970
1493881429522	AAFVAIGNTYGFLTPNLWAEQPLPVSPLDIYSDEASAQKK	P25443	4	100.89487	1081.308629993	3.74294440186672e-08	1.1754922457499e-07	0.411119834626615	3.55579718177338e-06	1.11671763346241e-05	0.621018732151275	234368504	221730922.666667	-12637581.3333334	273201275.636364	444782016	437975008	406199008	386636992	182430000	181803008	188236000	185650000	185650000	220948000	184904000	NA
1493881232089	AAGAGAGNVPSSTGEAGSGAEEEAKPEAK	P53163	3	21.624739	867.4071406799	0.176730830562489	0.281444202248436	0.758972484563767	0.466373025095457	0.405109078993961	0.85055800352872	7462775	5844400	-1618375	41012400	56225800	43809800	36476400	45280500	37939900	38171000	43564700	32265800	32265800	38467100	44232400	43449600
1493881229841,1493881537342,1493881951277	AAGANVDNVWADVYAK	P10622	2	73.69203	832.4073873874	0.0951110443015613	0.0234425058560216	0.42564940273015	0.336111953467119	0.0767944157352432	0.622102973220988	-296908160	-430610350	-133702190	1184436730	1207892350	871107330	879941570	808780990	1226514820	1335680000	1202320000	1190840060	1190840060	1825245440	1489665150	984412990
1493881190788	AAGFLLEK	P00560	2	47.033337	424.7465435252	0.869687967458775	0.113870750960265	0.0865681598941797	0.979842994380686	0.19317359537902	0.304591673701744	57654720	-593810245	-651464965	3596265708.33333	3146641150	3609299970	3290117630	3624130050	3415170050	3403520000	3282639870	3338240000	3338240000	5179659800	4081260030	3446269950
1493881203098	AAGFLLEKEL	P00560	2	73.68914	545.8110293443	0.169454668294037	0.00300283856938841	0.0362412806362444	0.466373025095457	0.0254925732584161	0.304591673701744	-133687757.5	-352057232.5	-218369475	1041416741.66667	966185020	850611970	860062980	841147010	1090860030	1013459970	995212030	953225980	953225980	1412999940	1393570050	1166439940
1493881322221	AAGLTAAYAR	Q12690,P40212	2	25.533195	482.7640819194	0.275766897145573	0.362676605719898	0.0615354841838363	0.596000836595634	0.514242948408811	0.304591673701744	108876080	-90064322.5	-198940402.5	1055254996.66667	1031720830	1064944830	1149410300	1000026370	922784000	987042750	888951230	1011820030	1011820030	1442025090	1215919490	936595010
1493881702296	AAGLVDIATVLSTSAYLIESK	P00498	3	105.6642	708.0614397028	0.382661872450184	0.763384272660769	0.518006297695217	0.637769787416974	0.873753083165941	0.70300854687208	-10007642.6666667	-3156026.66666666	6851616.00000001	25962436.8	25504700	24526800	NA	15061700	46699728	NA	21619400	26797000	26797000	47220240	10931500	14466300
1493881228168	AAGNTVIIGGGDTATVAK	P00560	2	41.371334	808.4371699826	0.0346083640321505	0.0954528049899703	0.558824965754795	0.173041820160752	0.17109465045372	0.742474107574244	30528576	22983652	-7544924	74986516.6666667	110057000	120658000	68492704	72088000	51175300	57420600	77616000	62969500	62969500	77784400	82095296	56511900
1493881200039	AAGQTSVEIR	P0CS90	2	17.560066	516.2771475764	0.937038059167524	0.0539024392383224	0.061767703227223	0.979842994380686	0.121326872082134	0.304591673701744	-1950008	-52624752	-50674744	226367334.666667	226292992	198172000	193650000	214588000	215706000	205699008	218839008	200259008	200259008	335875008	275841984	231226000
1493881221777	AAGSAPANPIPVEEK	P39935	2	34.496723	725.8803989812	0.365051611474892	0.863271645092982	0.286688085364068	0.637769787416974	0.942652945791188	0.514477991344047	5084700	-946675	-6031375	39384983.3333333	45871300	45084500	38076000	34025500	42818300	35265800	32388600	32245800	32245800	47199400	50865900	36532900
1493881215640	AAGSYYVEAQHK	Q12213,P05737	2	16.166739	662.3192275616	0.22699120423293	0.00778188638943402	0.0692677065808337	0.51343248576496	0.0369639603498116	0.304591673701744	-34348506	-88666502	-54317996	179019000.666667	142270000	131853000	134508992	143424000	204874000	189439008	143611008	151526000	151526000	277088992	202204992	275902016
1493882052561	AAGSYYVEAQHK	Q12213,P05737	3	16.404617	441.8790738424	0.884537686160503	0.0535921767649186	0.042777949905163	0.979842994380686	0.121326872082134	0.304591673701744	8830392	-141898262.666667	-150728654.666667	426970594.545455	387148992	410697632	397129056	370952800	367367008	373131296	388114176	401994432	401994432	730506620	467640096	NA
1493881208895,1493881208896	AAIAEEQILNK	P33421	2	37.645115	600.334837569	0.619369331942775	0.0478745355463733	0.112052070155197	0.878210246784532	0.116617458382191	0.343385376282055	-7144950	-31447152	-24302202	133700982	95831104	137557792	136520304	113438592	121480400	121921800	130024896	138500496	138500496	187299104	159536896	123799904
1493881655253	AAIAKTGAAPIERV	P04710	2	66.75935	684.3986184611	0.638605427399868	0.119325576696168	0.0536495131484793	0.879239356565035	0.198875961160279	0.304591673701744	12476092	-43906836	-56382928	302935686.666667	313116096	289772896	303625408	263320688	254214016	296955392	284163008	284598304	284598304	419903008	334780128	306180992
1493881382372	AAIDFYTK	P16862	2	42.72254	464.7429468294	0.095526555195918	0.0562361326456737	0.756301711249284	0.336111953467119	0.121418922757705	0.85055800352872	-62884494	-73775426	-10890932	178857380.666667	197938288	158318000	21761000	155199008	192549792	192195696	220927792	179080992	179080992	259504000	209395008	180338000
1493881205746	AAIEDGWVPGK	P06168	2	49.540073	571.7954636103	0.903075864581452	0.0361645064813555	0.044721204863506	0.979842994380686	0.106490445823666	0.304591673701744	-9432755	-182860225	-173427470	1106849932.5	970609020	1098370050	1017240000	1084790020	1143170050	1023750020	1010750020	1031070020	1031070020	1449910020	1243789950	1177680000
1493881865150	AAIVQIDATPFR	P0CX40,P0CX39	2	72.59133	651.3637804987	0.312923575675792	0.0159150738151907	0.0959898868004984	0.607342870346073	0.0581512312478122	0.314449629174046	-162478365	-443565855	-281087490	1489698870	1327741700	1284979970	1297011330	1241003520	1439170050	1535849980	1434720000	1390909950	1390909950	2260339970	1766770050	1506979970
1493882006158	AAIYLTAVLEYLTAEVLELAGNAAK	Q12692	3	114.713936	869.816132236	0.754318717857718	0.778735237337104	0.955424832512629	0.979842994380686	0.880712470797915	0.955424832512629	-1618715	-1377702.5	241012.500000002	5725298.88888889	4034770	NA	NA	5112060	NA	8661090	5895530	4019770	4019770	3980400	5538930	10265370
1493881782609	AALEAGAFEAVTSNHWAEGGK	P07245	3	72.72578	706.0083209232	NA	NA	NA	NA	NA	NA	NA	NA	NA	NA	18284800	NA	NA	NA	NA	NA	NA	NA	NA	NA	NA	NA
1493881442657	AALEELVK,+	P12081ups	2	46.040184	436.7578928707	0.188096922084261	0.0412016515329678	0.287024563591942	0.482951556702831	0.10872658043422	0.514477991344047	-150766047.333333	-293096392	-142330344.666667	168334830.666667	47007300	56364700	50979100	57436700	195778000	203648000	211712992	NA	NA	596785980	NA	95300704
1493881207595	AALIGSLGSIFK	Q08601	2	90.46515	588.8539414061	0.788748996873945	0.966164359883068	0.818966668358413	0.979842994380686	0.966164359883068	0.854965203231311	964458.333333328	141075	-823383.333333328	17861790.9090909	18197900	18265500	18458300	17782800	18176400	NA	15863800	17594800	17594800	21419400	16951200	16174800
1493881223713	AALLNQYFAQAYK	P46655	2	79.856316	750.8963716325	0.282316185755827	0.896923470930083	0.233154715678462	0.596000836595634	0.946358837466924	0.452034652845998	23836004	-2786496	-26622500	285956001.333333	338911008	303700992	255400000	273878016	265912000	257514000	278868000	274252000	274252000	350179008	291657984	266947008
1493882111660	AALLSSGNVK	P39730	2	25.470345	480.2793805093	0.930432819676671	0.00286302926403321	0.00414817336448138	0.979842994380686	0.0254925732584161	0.304591673701744	-740099.333333358	-41803166	-41063066.6666666	89964126.2222222	83553040	77456896	80213400	80488000	87169000	87203800	69131000	NA	NA	136162000	108300000	NA
1493881198680	AALQTYLPK	P15703	2	52.06141	502.7923588352	0.876259926748352	0.158971766130509	0.202930678627941	0.979842994380686	0.251705296373306	0.425748855292944	-8739423	-83311431	-74572008	606808699.5	595734020	592294020	656521790	459950496	615068990	575358020	522951008	626080000	626080000	805457020	642883010	563326020
1493881227800	AALSNSNTPTMNNAAL 15.99492@M11	Q02875	2	48.16934	803.3837520102	0.215245004692323	0.0158402771116434	0.145182471508321	0.50142516417823	0.0581512312478122	0.359512108729331	-12617276	-27686648	-15069372	72206292.3333333	54341000	43489400	65719900	71536304	70149904	77396400	75587904	62421500	62421500	107627000	88886496	86898200
1493881194412	AALTDFER	P38754,P36105	2	37.803684	461.7350373427	0.172111642486649	0.00945772962996398	0.0827847793750824	0.466373025095457	0.0408401961293899	0.304591673701744	-89683492.3333333	-198950499.833333	-109267007.5	599038818	NA	460856992	509443008	511943008	585622020	577177980	570624000	601633980	601633980	841404030	767817020	561270980
1493881193379	AALTPTTVK,+	P38998	2	21.114641	451.2713427902	0.171713048409367	0.00445726646774809	0.0538607595840023	0.466373025095457	0.0254925732584161	0.304591673701744	-17117850	-42527100	-25409250	127747550	111420000	97861600	111330000	110852000	109817000	129540000	130630000	129948000	129948000	180832000	163720000	127072000
1493881237171	AANLGGVAVSGLEMAQNSQK	P39708	2	73.91919	972.9950399525	0.319654142287407	0.408504726349691	0.0853731208471948	0.607342870346073	0.570594427261123	0.304591673701744	6984900	-5753875	-12738775	39396458.3333333	47672100	42880200	31564800	37110100	19923800	35960600	43026600	32376600	32376600	45370100	48842500	55653500
1493881671516	AANLGGVAVSGLEMAQNSQK	P39708	3	74.00566	648.9992522009	0.0326784034196557	0.65657613105389	0.0708999745357556	0.172469351381516	0.820720163817362	0.304591673701744	27337275	5049924	-22287351	97939267	109756000	123417000	101392000	100375000	94533296	90628600	65762700	74666304	74666304	111346000	124866000	103862000
1493881237726	AANLGGVAVSGLEMAQNSQR	P07262	2	75.015594	986.9975910276	0.774494999117574	0.588541709804815	0.796737337712527	0.979842994380686	0.745486165752766	0.85055800352872	2227496	4229248	2001752	151936000	148630000	150440000	156890000	160392992	169020000	159071008	141408992	137943008	137943008	157180992	148948992	155363008
1493881777956,1493882094691,1493882187146	AANLGGVAVSGLEMAQNSQR	P07262	3	74.76165	658.3326235368	0.318867016105137	0.0290870740666211	0.304738081151026	0.607342870346073	0.0921090678776336	0.536113290913843	-70798560	-150926560	-80127999.9999999	550605394.285714	450980000	504195744	518247008	516055008	NA	NA	NA	568168000	568168000	728424000	NA	NA
1493881227839	AANQGALPPDLSLIVK	P07143	2	86.11748	803.9559961058	0.0751049212372694	0.763337925428713	0.124409572293175	0.301210861606531	0.873753083165941	0.358148768722777	21859000	3402774	-18456226	99636558.6666667	100228000	98848600	116016000	117136000	76209000	84896896	105852000	77834704	77834704	130166000	107128000	103488800
1493881213382,1493881273597	AAPENEKPAPVR	Q01855	2	10.625641	639.8433886505	0.924077808827879	0.703597166140178	0.61718336613354	0.979842994380686	0.856945266452781	0.762628120738001	350381.666666667	-1502233.33333333	-1852615	3339744	NA	2948720	2987700	3151260	2945280	2246540	2444620	3078940	3078940	6097450	4417990	NA
1006513,1230624,1493881771347,1493881771349,1493881771359,1493881863339,1493881863343,1493881881991,1493882183764	AAQDSFAAGWGVMVSHR	P00924	3	120.77774	597.2870389789	0.00197365749308285	0.000890770011985069	0.618130161019222	0.0267853516918386	0.0120890215912259	0.762628120738001	87472206	98279098	10806892	108019336.666667	115859288	164947680	226783552	172155232	52184984	97431024	112642248	67598672	67598672	78532976	65588648	74909064
39218,45428,53520,54005,81096,83931,166418,201862,266016,267696,296620,308287,314926,375315,375444,389794,393590,447648,489106,579173,589485,599061,666512,668954,676290,684864,688847,730100,730298,730348,765643,765819,826411,862633,873652,874322,910310,947933,951730,952158,952177,979034,986888,989221,989338,1021824,1022156,1022296,1039020,1041819,1046690,1109756,1132738,1192590,1231727,1232020,1493881210738,1493881271051,1493881271068,1493881397128,1493881460288,1493881460291,1493881460296,1493881652836,1493881652837,1493881652841,1493881683074,1493881683078,1493881699249,1493881699251,1493881699260,1493881699261,1493881721219,1493881721223,1493881773473,1493881773543,1493881820928,1493881863993,1493881905732,1493881977945,1493881988490,1493881996170,1493881996171,1493882012821,1493882012826,1493882022016,1493882047093,1493882047094,1493882060207,1493882060208,1493882082860,1493882107568,1493882107570,1493882148241	AAQDSFAANWGVMVSHR,+	P00925	3	111.943794	616.2939606728	0.0140535959791587	0.00765049761278905	0.726659324857787	0.102699355232314	0.0369639603498116	0.85055800352872	767754360	860550777.5	92796417.5	3325197565.83333	3505132800	4329545700	3605797380	4031387900	2782076420	3364703490	3623948030	2630118400	2630118400	3051978500	3095613950	3251949820
1493881196296	AAQDVWNR	P07149	2	21.937958	480.238262183	0.928647796829011	0.0606226056372927	0.0519400148739157	0.979842994380686	0.127981056345396	0.304591673701744	2560088	-58996656	-61556744	314926445.333333	333958016	267384992	262043008	321071008	302395008	289932992	287878016	294010656	294010656	399720000	414332000	312380992
1493881219850	AAQLGFNTACVEK	P09624	2	45.334675	704.8493647829	0.970119150109879	0.0996926940054924	0.093633946403329	0.979842994380686	0.175385295009663	0.314449629174046	1334296	-63079208	-64413504	468181181.333333	426683008	439257024	465436992	459021152	460317984	452732000	437262016	434748992	434748992	631464000	510152000	466350016
1493881240385	AAQQQAQASGIMPSNEDVATK	P38879	2	36.62115	1073.0154375456	0.212157856711808	0.0646159984957809	0.473642234879093	0.50142516417823	0.130606805470195	0.670187710409383	-7821150	-12189350	-4368200	38614166.6666667	36987200	30804400	28051400	31933000	47471600	41813000	35200700	34575300	34575300	59948400	40785800	41223900
1493881221926	AAQQQWGNDFYK	P19097	2	47.060673	728.336023817	0.84535112596476	0.26815949578051	0.199908084427025	0.979842994380686	0.391925416909976	0.425748855292944	3357496	-19672252	-23029748	206670500	189303008	211080992	183068992	221476000	226124000	196450000	188783008	180142000	180142000	260448000	221106000	221922000
1493881608634	AATDAVAAARTLQEGQSED	P32602	3	105.40621	635.3018462754	0.00275734022300676	0.00425682979806034	0.794828808478315	0.0291052579095157	0.0254925732584161	0.85055800352872	382562711	356724327.5	-25838383.5	762772442.166667	1034022590	942722050	1206270720	853790460	717503040	734898050	511878496	542275390	542275390	499241120	727178500	841213500
1493881229610	AATFPIAQPATDVEAR	P40212,Q12690	2	59.78321	829.4310625658	0.0660013687828519	0.519566915798733	0.192576865502558	0.285005910653224	0.676148726039447	0.425460516807978	27786252	8980756	-18805496	189665582.666667	212707008	230022000	193860992	171095008	181595008	177648992	168362000	168934000	168934000	219176992	198884992	184766000
1493881839619	AATHPSPVAAK	P03962	2	9.024345	525.2904938882	NA	NA	NA	NA	NA	NA	NA	NA	NA	NA	4241750	3202260	NA	6493280	NA	NA	NA	NA	NA	2661310	1265050	2573260
1493882108795	AATSTAAEAASQETAKK	rP36124	2	68.306046	818.4080500332	NA	NA	NA	NA	NA	NA	NA	NA	NA	NA	4123870	NA	NA	NA	NA	NA	NA	NA	NA	NA	NA	NA
1493881219279	AAVDCECEFQNLEHNEK	Q06523	3	43.60454	698.2945934544	0.905607445175044	0.205643696805226	0.246064132948248	0.979842994380686	0.315099212846717	0.467521852601672	-1248400	-13900824	-12652424	94207117.3333333	83620200	89233400	87085200	96690704	98650400	103397000	84051904	75523800	75523800	126794000	104715000	105200000
1493881226866	AAVEEGILPGGGTALVK	P19882	2	68.821884	791.4462659375	0.556869071711573	0.0819322749906394	0.0293759034428542	0.813885566347683	0.152618943610015	0.304591673701744	32192477.5	-102495010	-134687487.5	1211739167.5	1213869950	1201240060	1192009980	1146099970	1163120000	1180610050	1091180030	1189539970	1189539970	1449149950	1332280060	1192230020
1493881201287	AAVEEGILPGGGTALVK,+	P19882	3	68.79129	527.9665197474	0.634839162164916	0.105993757808761	0.226874131034103	0.879239356565035	0.183080127124224	0.449021717671662	-4375075	-15880426	-11505351	41311208.6666667	34631900	30948100	42811500	29846000	27272000	39407900	46071400	42986500	42986500	71919504	59085300	27767900
1493881201105	AAVIFNSSDK	P38288	2	29.135664	526.2742665535	0.374722247537163	0.127394126613227	0.479713308503558	0.637769787416974	0.205126136072145	0.670187710409383	15760916	28213966	12453050	100215022	110622528	120727136	114905800	113237800	112726600	110765200	122720400	50237400	50237400	104737696	81970704	109691600
1493881918916,1493882171373	AAWPSFAR	Q01574	2	56.11065	453.2349832384	0.855760364937608	0.210867047665128	0.128425390169174	0.979842994380686	0.317974119495034	0.358835649002105	-2032566.66666668	-14544575	-12512008.3333333	40429500	NA	NA	32395000	NA	34524200	32526000	NA	36232500	36232500	61100100	42706600	47719100
1493881592011	AAYALGGLGSGFANNEK	P07259	2	65.33199	820.4074775934	0.711267494723868	0.0549163736792816	0.103260101002221	0.951695943644612	0.121326872082134	0.326990319840366	-8009432	-45736560	-37727128	424583618.666667	432100000	412530208	402003840	380039104	457444608	360500992	428674976	412090304	412090304	471052000	464140096	462336992
1493881186455	AAYGVVR	P05750	2	16.97708	368.2105397836	0.361620951653732	0.0400130532840113	0.00786272088012888	0.637769787416974	0.108606858913745	0.304591673701744	27097244	-66933756	-94031000	274493833.333333	267616992	248996992	249498000	278748000	237398000	239550000	217183008	242340000	242340000	402779008	362960000	304516000
1493881215633,1493881587669	AAYSYMFDSLR	Q12230	2	37.625175	662.3069775528	0.0124378010655571	0.00456182889887446	0.562717218372059	0.101766073606074	0.0254925732584161	0.742474107574244	26494270	31700704	5206434	116428851.333333	162632608	139010704	121154896	120510496	102633008	110044144	115900096	108754376	108754376	99283904	107243088	101224520
1493881224549,1493881410551	ACDDKIMYVDYK	P00549	2	43.10483	760.8414920295	1.30542421456191e-05	1.55054601989339e-05	0.785352572859375	0.000310038250958453	0.00036825467972468	0.85055800352872	341732536	332885868	-8846668.00000001	169990868	NA	444888992	344183008	395519008	66146500	60732500	NA	32514400	32514400	114889104	38529900	NA
1493881995176	ACDDKIMYVDYK,+	P00549	3	42.697033	507.5633510066	3.14899453897814e-07	1.07854251752846e-06	0.411833475005582	1.41476387434823e-05	3.41538463884012e-05	0.621018732151275	726304921.666667	686558255	-39746666.6666666	537348113.333333	992100990	956137020	913446020	866388990	NA	219943008	212752000	184444992	184444992	NA	NA	306475008
1493881236958	ACDTSNDNFPLQYDGSK	P53738	2	50.063282	966.4073953166	0.0563549008062834	0.0628772694402705	0.949289182533157	0.267685778829846	0.129855230365776	0.955424832512629	7901440	7662840	-238600	17149431.6666667	22459800	22757900	23903700	20228700	17891500	16683200	13516400	9653240	9653240	16602900	13330000	19112600
1493881204687	ACFDLVNRK	rP32945	2	30.02538	561.7880863301	0.198601660603097	0.488797223224346	0.062685876373547	0.496504151507742	0.644940780643234	0.304591673701744	30351000	-15837252	-46188252	241442584	258656000	238127008	249098000	239240992	224796992	198400000	237918000	202603008	202603008	292296992	317023008	236548000
1493881768900	ACGIIISEER	P30822	2	37.088863	574.2915010787	0.314943843943348	0.414431741905448	0.120978589699979	0.607342870346073	0.570594427261123	0.358148768722777	10947425	-10762800	-21710225	31450490	43608700	45799500	24494700	20804700	28012100	19055400	21079000	22771400	22771400	66108000	NA	NA
1493881215451	ACGPCIGQWDR	P19414	2	45.081978	660.2843530618	0.0128546619291882	0.00143914771310128	0.210633644197562	0.101766073606074	0.0163770420314638	0.425748855292944	-26479176	-38184428	-11705252	97346808.6666667	82247400	67092200	72232600	81596896	107809000	102442000	103263000	95571800	95571800	140295008	114760000	105280000
1493882061135	ACGVSRPVIAASITTNDASAIK	P39990	3	57.45605	734.7229217061	0.614934321338367	0.540365278153017	0.275796880112202	0.878210246784532	0.693712181412658	0.513739286483513	-3878595	4735932.5	8614527.5	41386075.8333333	45623020	49670500	41261800	30132100	44449000	55487300	51757700	30507800	30507800	53252000	30592000	33391890
900294,1493881827017	ACIGGTSFVEDAEGLR	P10081	2	72.12412	841.3993257659	0.0760953755637553	0.0379963263075277	0.766880309924472	0.301210861606531	0.106490445823666	0.85055800352872	18873233.3333333	21528722.5	2655489.16666667	27482641	44923200	NA	39690100	40655000	NA	26941500	31685200	10021900	10021900	27103400	7468610	36315600
1493881189590	ACVLVVSDIKK	P32377	3	41.56953	411.2407770629	0.88999305572776	0.68917880760994	0.771316459609936	0.979842994380686	0.85028554185642	0.85055800352872	-1725797.33333333	-5360330.66666667	-3634533.33333334	86841420.8	NA	92084304	80244304	81300400	72611000	85023904	95302896	92137400	92137400	115373000	NA	62199600
1493881227176	ACVVYGGSPIGNQLR	P06634	2	55.396072	795.9063752541	0.417164020906992	0.755633615380531	0.609994671998886	0.660509699769404	0.873753083165941	0.762628120738001	3967825	1499525	-2468300	48497825	53603500	48699300	51898200	47080100	49757600	43045400	44131200	48475600	48475600	59287000	48708900	38811500
1276408,1493881522131	ADAEWVQSTASK	P39935	2	27.100904	646.8094332552	0.979842994380686	0.916414256023626	0.92520429000498	0.979842994380686	0.946358837466924	0.9451011564567	-303021	860274.999999985	1163295.99999999	73702749.5	59638700	74414800	85236200	76660200	74290496	NA	NA	NA	NA	81047104	65718000	72616496
1493881224551	ADDDSVTIISAGNDK	P38011	2	38.592266	760.857195235	0.000407372194075674	3.1829315233533e-05	0.0786272052497963	0.0064500597395315	0.000604756989437127	0.304591673701744	-267151520	-367662992.5	-100511472.5	878509332.5	666467010	657364990	626968000	716817980	993169020	914129020	888755010	940171010	940171010	1113040000	1157709950	927348990
