Cluster ID	Peptide Sequence	External IDs	Charge	Average RT	Average m/z	s_12500amol_1	s_12500amol_2	s_12500amol_3	s_12500amol_4	s_125amol_1	s_125amol_2	s_125amol_3	s_125amol_4	s_25000amol_1	s_25000amol_2	s_25000amol_3	s_25000amol_4
1493882053114	AAAAEINVKD	P38156	2	20.250505	501.2679862621	115597000	109302000	100314000	99315200	98182352	87241776	98702800	90528896	99315200	185658000	161331008	124908000
1493881927653	AAAAQDEITGDGTTTVVCLVGELLR	P39079	3	101.865166	854.1034586556	117092368	99896304	95537504	98165128	120003104	115310000	111234000	131210000	98165128	98281640	89248152	99198096
1493881396345	AAADALSDLEIK,+	P09938	2	64.62951	608.8250074758	401188000	388697984	401801984	379267008	359542016	351060000	354751008	346171008	379267008	512216992	437959008	NA
1493881225551	AAADALSDLEIKDSK	P09938	2	50.1318	773.8997288964	30600710	25456400	20077100	26011270	40609900	37849800	45287800	41892500	26011270	NA	26446100	11351200
1493881763263	AAADALSDLEIKDSK	P09938	3	50.039753	516.2697216115	90354400	100388000	85776600	76196400	144060000	151791008	172812992	172952992	76196400	107399000	102917000	101748000
1493881234323	AAAEYEKGEYETAISTLNDAVEQGR	P15705	3	81.50826	905.7637891403	232752000	242820000	221190000	254914000	484771008	433919008	510504000	506412000	254914000	200944992	230260000	291772992
1493882097470	AAAHYIR	P14540	2	32.6138	401.2219424832	NA	NA	NA	NA	NA	NA	NA	NA	NA	244940992	NA	NA
1493881220078	AAALVGQASGVEGHF	P19657	2	30.936956	707.3614414521	30481300	36562000	39531100	32219600	46069600	58039700	36128088	28104500	32219600	38272400	44242000	51069800
1493881773839	AAAPAQTTTDYK	Q06505	2	13.681122	619.3002225854	9698970	10369200	7648380	20412210	15265720	16576070	19681540	4388600	20412210	14644700	8485820	10507200
1493881232890	AAAPTVVFLDELDSIAK	P25694	2	98.53253	880.480182311	388051008	374689984	414495008	376908000	398161984	413579008	444926016	432164992	376908000	420839008	479444992	405040000
1493881207444	AAAPTVVFLDELDSIAK	P25694	3	98.52632	587.3222929294	114933000	115779000	139283008	119185000	127855000	126425000	148614000	127625000	119185000	145814000	168180992	107257000
1493881516292	AAAQDGYVPQR	P27692	2	17.471907	588.2934436831	13162700	NA	12751400	13067800	66393600	37803300	33487100	15422980	13067800	16599700	17917600	14965800
1493881231971	AAATFPIAQPATDVEAR	P40212,Q12690	2	60.826897	864.9495501166	313152992	319603008	302728992	319199008	345124992	319641984	305804000	288932992	319199008	387204992	346055008	330231008
1493881438504	AACLLPK,+	P02768ups	2	28.21106	386.7292965685	63990700	176114592	174197104	253628112	78556096	88932304	73577600	72536288	253628112	479784000	445188800	87629400
1493881250250,1493881440092,1493881917799,1493881974430	AADALLLK	P00925,P00924	2	44.403503	407.7557621476	7368980000	7373371900	7397083600	7297190400	7472493100	7384278000	7511400400	6860253700	7297190400	13194572800	9700249600	8313864200
1493881848778	AADCEPIEILLHLPLLCEDK	P39990	3	101.32164	783.7350394823	131127296	44976060	137488096	35963100	96664704	81209800	77889200	90149600	35963100	62303480	107601008	63642200
1493881465797	AADETAAAFYPSK	P32263	2	38.60521	671.3196130063	NA	265100000	275847008	274566016	NA	NA	NA	303060992	274566016	309020992	337931008	304526016
1493881858472	AADGGVLQR	Q99258	2	14.55188	443.7402859332	11900000	7070810	NA	NA	NA	39269400	41245100	52036500	NA	21998300	2637370	36302100
1162867,1493882039380	AADLINLAK,+	P07342	2	50.810345	464.7727569666	93652704	82278800	85168304	105275696	140173808	183523296	110468400	103006592	105275696	111973000	117128000	79188000
1493882071936	AAEAATTDLTYR	Q12363	2	29.963533	641.8174115323	532504992	532623008	588556990	555622020	496312000	471483616	501500992	490401984	555622020	813694020	820984000	515073984
1493881242542	AAEEADADAELADEEDAIHDEL	P17967	2	81.75643	1171.4939071335	214616992	186955008	196732000	187494000	185164992	172968000	180624000	200912000	187494000	229124000	243607008	199236000
1493882082029	AAEEAGVTDVK	P19097	2	14.869782	545.2741050673	45548000	37189000	28110000	36634000	16829300	NA	31680300	39231200	36634000	69060400	50408000	42839200
1493881475404	AAEENFNADDKTISDTAAVVGVK	P16862	3	63.290688	789.0558651017	170874000	219998000	179896992	167312000	194188992	208255008	195948000	254900992	167312000	NA	219444000	174779008
1493882128930	AAEIGVSGVVLSNHGGR	P00175	3	47.778522	541.6250282728	13854200	23174000	23066400	18031500	18023200	NA	NA	7183500	18031500	NA	25692800	3227970
1493881450119,1493881904796	AAEILLENR	P38689	2	40.273815	514.7923414331	NA	13546090	14060930	14535740	4421880	NA	2109360	NA	14535740	32249210	26266510	NA
1493881574069,1493881617121,1493881639628,1493882026316	AAEPHAVSLAWSADGQTLFAGYTDNVIR	P38011	3	128.70183	987.4893841411	157758752	273804192	104341024	185128208	118023632	264052384	358247296	207898336	185128208	48009744	201691904	61180240
1493881439306	AAFEDLK	P07149	2	28.602129	397.2082461749	220004000	246851008	259120000	229364992	234938000	248480000	237588000	241703008	229364992	361336992	330244000	215868000
1493881203445	AAFGLAEAGYK	Q00711,P47052	2	50.772182	549.2846683244	83866096	82031800	73065000	61475900	68892496	77316000	80990600	75447504	61475900	91372000	89928600	66675000
17260,1493881424352,1493881872416,1493881915126,1493882096159	AAFGNCHGLYAGDIALRPEILAEHQK	P14540	3	82.140465	951.149197349	147932992	212603008	NA	178028512	131577000	44417400	236100096	NA	178028512	79187600	140063008	NA
19036,19263,208768,208970,415131,586627,1026955,1037883,1128721,1493881280760,1493881344501,1493881913469,1493881968370,1493882130328	AAFGNCHGLYAGDIALRPEILAEHQK	P14540	4	81.32956	713.6136344215	NA	NA	263434304	13004000	134685200	28834600	247350240	23115370	13004000	NA	41404400	693939140
1493881185548	AAFIER	P49723	2	20.051712	353.697638474	287390016	252972000	233850000	234579008	266036000	261012992	278776000	300208992	234579008	411539008	390395008	300739008
1493881193467	AAFIYYR	P17649	2	48.11109	452.2397867465	75084704	79121296	66873440	63123400	82309296	85873296	81511504	79076800	63123400	90861800	82939696	82878600
1493881195750	AAFLGSEVR	P07256	2	39.16381	475.2590707344	185559008	179436000	177364000	174155008	196372992	175779008	175764000	181016992	174155008	236243008	223806000	191324000
1493881212684	AAFNYQFDSIIEHSEK	P53252	3	78.51942	633.6359129309	345646016	327889984	319121984	345489984	328055008	291752992	275260000	313484000	345489984	392532000	367932992	329492992
1493881218040	AAFTECCQAADK	P02768ups	2	18.55893	686.2866460068	247340000	224620000	224639008	450608000	NA	NA	NA	NA	450608000	747299970	596838020	33176200
1493881245106	AAFVAIGNTYGFLTPNLWAEQPLPVSPLDIYSDEASAQK	P25443	3	103.38569	1398.7116950036	786353980	903515010	819441980	899548030	682086980	598374980	718497980	762097980	899548030	846502980	803523010	897718980
1493881239707	AAFVAIGNTYGFLTPNLWAEQPLPVSPLDIYSDEASAQK	P25443	4	103.39051	1049.284998837	533623008	699470980	726854020	830777020	500633984	521668992	544774020	535633984	830777020	1033529980	845475010	564531970
1493881429522	AAFVAIGNTYGFLTPNLWAEQPLPVSPLDIYSDEASAQKK	P25443	4	100.89487	1081.308629993	182430000	181803008	188236000	185650000	444782016	437975008	406199008	386636992	185650000	220948000	184904000	NA
1493881232089	AAGAGAGNVPSSTGEAGSGAEEEAKPEAK	P53163	3	21.624739	867.4071406799	37939900	38171000	43564700	32265800	56225800	43809800	36476400	45280500	32265800	38467100	44232400	43449600
1493881229841,1493881537342,1493881951277	AAGANVDNVWADVYAK	P10622	2	73.69203	832.4073873874	1226514820	1335680000	1202320000	1190840060	1207892350	871107330	879941570	808780990	1190840060	1825245440	1489665150	984412990
1493881190788	AAGFLLEK	P00560	2	47.033337	424.7465435252	3415170050	3403520000	3282639870	3338240000	3146641150	3609299970	3290117630	3624130050	3338240000	5179659800	4081260030	3446269950
1493881203098	AAGFLLEKEL	P00560	2	73.68914	545.8110293443	1090860030	1013459970	995212030	953225980	966185020	850611970	860062980	841147010	953225980	1412999940	1393570050	1166439940
1493881322221	AAGLTAAYAR	Q12690,P40212	2	25.533195	482.7640819194	922784000	987042750	888951230	1011820030	1031720830	1064944830	1149410300	1000026370	1011820030	1442025090	1215919490	936595010
1493881702296	AAGLVDIATVLSTSAYLIESK	P00498	3	105.6642	708.0614397028	46699728	NA	21619400	26797000	25504700	24526800	NA	15061700	26797000	47220240	10931500	14466300
1493881228168	AAGNTVIIGGGDTATVAK	P00560	2	41.371334	808.4371699826	51175300	57420600	77616000	62969500	110057000	120658000	68492704	72088000	62969500	77784400	82095296	56511900
1493881200039	AAGQTSVEIR	P0CS90	2	17.560066	516.2771475764	215706000	205699008	218839008	200259008	226292992	198172000	193650000	214588000	200259008	335875008	275841984	231226000
1493881221777	AAGSAPANPIPVEEK	P39935	2	34.496723	725.8803989812	42818300	35265800	32388600	32245800	45871300	45084500	38076000	34025500	32245800	47199400	50865900	36532900
1493881215640	AAGSYYVEAQHK	Q12213,P05737	2	16.166739	662.3192275616	204874000	189439008	143611008	151526000	142270000	131853000	134508992	143424000	151526000	277088992	202204992	275902016
1493882052561	AAGSYYVEAQHK	Q12213,P05737	3	16.404617	441.8790738424	367367008	373131296	388114176	401994432	387148992	410697632	397129056	370952800	401994432	730506620	467640096	NA
1493881208895,1493881208896	AAIAEEQILNK	P33421	2	37.645115	600.334837569	121480400	121921800	130024896	138500496	95831104	137557792	136520304	113438592	138500496	187299104	159536896	123799904
1493881655253	AAIAKTGAAPIERV	P04710	2	66.75935	684.3986184611	254214016	296955392	284163008	284598304	313116096	289772896	303625408	263320688	284598304	419903008	334780128	306180992
1493881382372	AAIDFYTK	P16862	2	42.72254	464.7429468294	192549792	192195696	220927792	179080992	197938288	158318000	21761000	155199008	179080992	259504000	209395008	180338000
1493881205746	AAIEDGWVPGK	P06168	2	49.540073	571.7954636103	1143170050	1023750020	1010750020	1031070020	970609020	1098370050	1017240000	1084790020	1031070020	1449910020	1243789950	1177680000
1493881865150	AAIVQIDATPFR	P0CX40,P0CX39	2	72.59133	651.3637804987	1439170050	1535849980	1434720000	1390909950	1327741700	1284979970	1297011330	1241003520	1390909950	2260339970	1766770050	1506979970
1493882006158	AAIYLTAVLEYLTAEVLELAGNAAK	Q12692	3	114.713936	869.816132236	NA	8661090	5895530	4019770	4034770	NA	NA	5112060	4019770	3980400	5538930	10265370
1493881782609	AALEAGAFEAVTSNHWAEGGK	P07245	3	72.72578	706.0083209232	NA	NA	NA	NA	18284800	NA	NA	NA	NA	NA	NA	NA
1493881442657	AALEELVK,+	P12081ups	2	46.040184	436.7578928707	195778000	203648000	211712992	NA	47007300	56364700	50979100	57436700	NA	596785980	NA	95300704
1493881207595	AALIGSLGSIFK	Q08601	2	90.46515	588.8539414061	18176400	NA	15863800	17594800	18197900	18265500	18458300	17782800	17594800	21419400	16951200	16174800
1493881223713	AALLNQYFAQAYK	P46655	2	79.856316	750.8963716325	265912000	257514000	278868000	274252000	338911008	303700992	255400000	273878016	274252000	350179008	291657984	266947008
1493882111660	AALLSSGNVK	P39730	2	25.470345	480.2793805093	87169000	87203800	69131000	NA	83553040	77456896	80213400	80488000	NA	136162000	108300000	NA
1493881198680	AALQTYLPK	P15703	2	52.06141	502.7923588352	615068990	575358020	522951008	626080000	595734020	592294020	656521790	459950496	626080000	805457020	642883010	563326020
1493881227800	AALSNSNTPTMNNAAL 15.99492@M11	Q02875	2	48.16934	803.3837520102	70149904	77396400	75587904	62421500	54341000	43489400	65719900	71536304	62421500	107627000	88886496	86898200
1493881194412	AALTDFER	P38754,P36105	2	37.803684	461.7350373427	585622020	577177980	570624000	601633980	NA	460856992	509443008	511943008	601633980	841404030	767817020	561270980
1493881193379	AALTPTTVK,+	P38998	2	21.114641	451.2713427902	109817000	129540000	130630000	129948000	111420000	97861600	111330000	110852000	129948000	180832000	163720000	127072000
1493881237171	AANLGGVAVSGLEMAQNSQK	P39708	2	73.91919	972.9950399525	19923800	35960600	43026600	32376600	47672100	42880200	31564800	37110100	32376600	45370100	48842500	55653500
1493881671516	AANLGGVAVSGLEMAQNSQK	P39708	3	74.00566	648.9992522009	94533296	90628600	65762700	74666304	109756000	123417000	101392000	100375000	74666304	111346000	124866000	103862000
1493881237726	AANLGGVAVSGLEMAQNSQR	P07262	2	75.015594	986.9975910276	169020000	159071008	141408992	137943008	148630000	150440000	156890000	160392992	137943008	157180992	148948992	155363008
1493881777956,1493882094691,1493882187146	AANLGGVAVSGLEMAQNSQR	P07262	3	74.76165	658.3326235368	NA	NA	NA	568168000	450980000	504195744	518247008	516055008	568168000	728424000	NA	NA
1493881227839	AANQGALPPDLSLIVK	P07143	2	86.11748	803.9559961058	76209000	84896896	105852000	77834704	100228000	98848600	116016000	117136000	77834704	130166000	107128000	103488800
1493881213382,1493881273597	AAPENEKPAPVR	Q01855	2	10.625641	639.8433886505	2945280	2246540	2444620	3078940	NA	2948720	2987700	3151260	3078940	6097450	4417990	NA
1006513,1230624,1493881771347,1493881771349,1493881771359,1493881863339,1493881863343,1493881881991,1493882183764	AAQDSFAAGWGVMVSHR	P00924	3	120.77774	597.2870389789	52184984	97431024	112642248	67598672	115859288	164947680	226783552	172155232	67598672	78532976	65588648	74909064
39218,45428,53520,54005,81096,83931,166418,201862,266016,267696,296620,308287,314926,375315,375444,389794,393590,447648,489106,579173,589485,599061,666512,668954,676290,684864,688847,730100,730298,730348,765643,765819,826411,862633,873652,874322,910310,947933,951730,952158,952177,979034,986888,989221,989338,1021824,1022156,1022296,1039020,1041819,1046690,1109756,1132738,1192590,1231727,1232020,1493881210738,1493881271051,1493881271068,1493881397128,1493881460288,1493881460291,1493881460296,1493881652836,1493881652837,1493881652841,1493881683074,1493881683078,1493881699249,1493881699251,1493881699260,1493881699261,1493881721219,1493881721223,1493881773473,1493881773543,1493881820928,1493881863993,1493881905732,1493881977945,1493881988490,1493881996170,1493881996171,1493882012821,1493882012826,1493882022016,1493882047093,1493882047094,1493882060207,1493882060208,1493882082860,1493882107568,1493882107570,1493882148241	AAQDSFAANWGVMVSHR,+	P00925	3	111.943794	616.2939606728	2782076420	3364703490	3623948030	2630118400	3505132800	4329545700	3605797380	4031387900	2630118400	3051978500	3095613950	3251949820
1493881196296	AAQDVWNR	P07149	2	21.937958	480.238262183	302395008	289932992	287878016	294010656	333958016	267384992	262043008	321071008	294010656	399720000	414332000	312380992
1493881219850	AAQLGFNTACVEK	P09624	2	45.334675	704.8493647829	460317984	452732000	437262016	434748992	426683008	439257024	465436992	459021152	434748992	631464000	510152000	466350016
1493881240385	AAQQQAQASGIMPSNEDVATK	P38879	2	36.62115	1073.0154375456	47471600	41813000	35200700	34575300	36987200	30804400	28051400	31933000	34575300	59948400	40785800	41223900
1493881221926	AAQQQWGNDFYK	P19097	2	47.060673	728.336023817	226124000	196450000	188783008	180142000	189303008	211080992	183068992	221476000	180142000	260448000	221106000	221922000
1493881608634	AATDAVAAARTLQEGQSED	P32602	3	105.40621	635.3018462754	717503040	734898050	511878496	542275390	1034022590	942722050	1206270720	853790460	542275390	499241120	727178500	841213500
1493881229610	AATFPIAQPATDVEAR	P40212,Q12690	2	59.78321	829.4310625658	181595008	177648992	168362000	168934000	212707008	230022000	193860992	171095008	168934000	219176992	198884992	184766000
1493881839619	AATHPSPVAAK	P03962	2	9.024345	525.2904938882	NA	NA	NA	NA	4241750	3202260	NA	6493280	NA	2661310	1265050	2573260
1493882108795	AATSTAAEAASQETAKK	rP36124	2	68.306046	818.4080500332	NA	NA	NA	NA	4123870	NA	NA	NA	NA	NA	NA	NA
1493881219279	AAVDCECEFQNLEHNEK	Q06523	3	43.60454	698.2945934544	98650400	103397000	84051904	75523800	83620200	89233400	87085200	96690704	75523800	126794000	104715000	105200000
1493881226866	AAVEEGILPGGGTALVK	P19882	2	68.821884	791.4462659375	1163120000	1180610050	1091180030	1189539970	1213869950	1201240060	1192009980	1146099970	1189539970	1449149950	1332280060	1192230020
1493881201287	AAVEEGILPGGGTALVK,+	P19882	3	68.79129	527.9665197474	27272000	39407900	46071400	42986500	34631900	30948100	42811500	29846000	42986500	71919504	59085300	27767900
1493881201105	AAVIFNSSDK	P38288	2	29.135664	526.2742665535	112726600	110765200	122720400	50237400	110622528	120727136	114905800	113237800	50237400	104737696	81970704	109691600
1493881918916,1493882171373	AAWPSFAR	Q01574	2	56.11065	453.2349832384	34524200	32526000	NA	36232500	NA	NA	32395000	NA	36232500	61100100	42706600	47719100
1493881592011	AAYALGGLGSGFANNEK	P07259	2	65.33199	820.4074775934	457444608	360500992	428674976	412090304	432100000	412530208	402003840	380039104	412090304	471052000	464140096	462336992
1493881186455	AAYGVVR	P05750	2	16.97708	368.2105397836	237398000	239550000	217183008	242340000	267616992	248996992	249498000	278748000	242340000	402779008	362960000	304516000
1493881215633,1493881587669	AAYSYMFDSLR	Q12230	2	37.625175	662.3069775528	102633008	110044144	115900096	108754376	162632608	139010704	121154896	120510496	108754376	99283904	107243088	101224520
1493881224549,1493881410551	ACDDKIMYVDYK	P00549	2	43.10483	760.8414920295	66146500	60732500	NA	32514400	NA	444888992	344183008	395519008	32514400	114889104	38529900	NA
1493881995176	ACDDKIMYVDYK,+	P00549	3	42.697033	507.5633510066	NA	219943008	212752000	184444992	992100990	956137020	913446020	866388990	184444992	NA	NA	306475008
1493881236958	ACDTSNDNFPLQYDGSK	P53738	2	50.063282	966.4073953166	17891500	16683200	13516400	9653240	22459800	22757900	23903700	20228700	9653240	16602900	13330000	19112600
1493881204687	ACFDLVNRK	rP32945	2	30.02538	561.7880863301	224796992	198400000	237918000	202603008	258656000	238127008	249098000	239240992	202603008	292296992	317023008	236548000
1493881768900	ACGIIISEER	P30822	2	37.088863	574.2915010787	28012100	19055400	21079000	22771400	43608700	45799500	24494700	20804700	22771400	66108000	NA	NA
1493881215451	ACGPCIGQWDR	P19414	2	45.081978	660.2843530618	107809000	102442000	103263000	95571800	82247400	67092200	72232600	81596896	95571800	140295008	114760000	105280000
1493882061135	ACGVSRPVIAASITTNDASAIK	P39990	3	57.45605	734.7229217061	44449000	55487300	51757700	30507800	45623020	49670500	41261800	30132100	30507800	53252000	30592000	33391890
900294,1493881827017	ACIGGTSFVEDAEGLR	P10081	2	72.12412	841.3993257659	NA	26941500	31685200	10021900	44923200	NA	39690100	40655000	10021900	27103400	7468610	36315600
1493881189590	ACVLVVSDIKK	P32377	3	41.56953	411.2407770629	72611000	85023904	95302896	92137400	NA	92084304	80244304	81300400	92137400	115373000	NA	62199600
1493881227176	ACVVYGGSPIGNQLR	P06634	2	55.396072	795.9063752541	49757600	43045400	44131200	48475600	53603500	48699300	51898200	47080100	48475600	59287000	48708900	38811500
1276408,1493881522131	ADAEWVQSTASK	P39935	2	27.100904	646.8094332552	74290496	NA	NA	NA	59638700	74414800	85236200	76660200	NA	81047104	65718000	72616496
1493881224551	ADDDSVTIISAGNDK	P38011	2	38.592266	760.857195235	993169020	914129020	888755010	940171010	666467010	657364990	626968000	716817980	940171010	1113040000	1157709950	927348990
