Cluster ID	Peptide Sequence	External IDs	Charge	Average RT	Average m/z	s_12500amol_1	s_12500amol_2	s_12500amol_3	s_125amol_1	s_125amol_2	s_125amol_3
1493882053114	AAAAEINVKD	P38156	2	20.250505	501.2679862621	115597000	109302000	100314000	98182352	87241776	98702800
1493881927653	AAAAQDEITGDGTTTVVCLVGELLR	P39079	3	101.865166	854.1034586556	117092368	99896304	95537504	120003104	115310000	111234000
1493881396345	AAADALSDLEIK,+	P09938	2	64.62951	608.8250074758	401188000	388697984	401801984	359542016	351060000	354751008
1493881225551	AAADALSDLEIKDSK	P09938	2	50.1318	773.8997288964	30600710	25456400	20077100	40609900	37849800	45287800
1493881763263	AAADALSDLEIKDSK	P09938	3	50.039753	516.2697216115	90354400	100388000	85776600	144060000	151791008	172812992
1493881234323	AAAEYEKGEYETAISTLNDAVEQGR	P15705	3	81.50826	905.7637891403	232752000	242820000	221190000	484771008	433919008	510504000
1493882097470	AAAHYIR	P14540	2	32.6138	401.2219424832	232752000	242820000	221190000	484771008	433919008	510504000
1493881220078	AAALVGQASGVEGHF	P19657	2	30.936956	707.3614414521	30481300	36562000	39531100	46069600	58039700	36128088
1493881773839	AAAPAQTTTDYK	Q06505	2	13.681122	619.3002225854	9698970	10369200	7648380	15265720	16576070	19681540
1493881232890	AAAPTVVFLDELDSIAK	P25694	2	98.53253	880.480182311	388051008	374689984	414495008	398161984	413579008	444926016
1493881207444	AAAPTVVFLDELDSIAK	P25694	3	98.52632	587.3222929294	114933000	115779000	139283008	127855000	126425000	148614000
1493881516292	AAAQDGYVPQR	P27692	2	17.471907	588.2934436831	13162700	0	12751400	66393600	37803300	33487100
1493881231971	AAATFPIAQPATDVEAR	P40212,Q12690	2	60.826897	864.9495501166	313152992	319603008	302728992	345124992	319641984	305804000
1493881438504	AACLLPK,+	P02768ups	2	28.21106	386.7292965685	63990700	176114592	174197104	78556096	88932304	73577600
1493881250250,1493881440092,1493881917799,1493881974430	AADALLLK	P00925,P00924	2	44.403503	407.7557621476	7368980000	7373371900	7397083600	7472493100	7384278000	7511400400
1493881848778	AADCEPIEILLHLPLLCEDK	P39990	3	101.32164	783.7350394823	131127296	44976060	137488096	96664704	81209800	77889200
1493881465797	AADETAAAFYPSK	P32263	2	38.60521	671.3196130063	0	265100000	275847008	0	0	0
1493881858472	AADGGVLQR	Q99258	2	14.55188	443.7402859332	11900000	7070810	0	0	39269400	41245100
1162867.1493882	AADLINLAK,+	P07342	2	50.810345	464.7727569666	93652704	82278800	85168304	140173808	183523296	110468400
1493882071936	AAEAATTDLTYR	Q12363	2	29.963533	641.8174115323	532504992	532623008	588556990	496312000	471483616	501500992
1493881242542	AAEEADADAELADEEDAIHDEL	P17967	2	81.75643	1171.4939071335	214616992	186955008	196732000	185164992	172968000	180624000
1493882082029	AAEEAGVTDVK	P19097	2	14.869782	545.2741050673	45548000	37189000	28110000	16829300	0	31680300
1493881475404	AAEENFNADDKTISDTAAVVGVK	P16862	3	63.290688	789.0558651017	170874000	219998000	179896992	194188992	208255008	195948000
1493882128930	AAEIGVSGVVLSNHGGR	P00175	3	47.778522	541.6250282728	13854200	23174000	23066400	18023200	0	0
1493881450119.15	AAEILLENR	P38689	2	40.273815	514.7923414331	0	13546090	14060930	4421880	0	2109360
1493881574069,1493881617121,1493881639628,1493882026316	AAEPHAVSLAWSADGQTLFAGYTDNVIR	P38011	3	128.70183	987.4893841411	157758752	273804192	104341024	118023632	264052384	358247296
1493881439306	AAFEDLK	P07149	2	28.602129	397.2082461749	220004000	246851008	259120000	234938000	248480000	237588000
1493881203445	AAFGLAEAGYK	Q00711,P47052	2	50.772182	549.2846683244	83866096	82031800	73065000	68892496	77316000	80990600
17260,1493881424352,1493881872416,1493881915126,1493882096159	AAFGNCHGLYAGDIALRPEILAEHQK	P14540	3	82.140465	951.149197349	147932992	212603008	0	131577000	44417400	236100096
19036,19263,208768,208970,415131,586627,1026955,1037883,1128721,1493881280760,1493881344501,1493881913469,1493881968370,1493882130328	AAFGNCHGLYAGDIALRPEILAEHQK	P14540	4	81.32956	713.6136344215	0	0	263434304	134685200	28834600	247350240
1493881185548	AAFIER	P49723	2	20.051712	353.697638474	287390016	252972000	233850000	266036000	261012992	278776000
1493881193467	AAFIYYR	P17649	2	48.11109	452.2397867465	75084704	79121296	66873440	82309296	85873296	81511504
1493881195750	AAFLGSEVR	P07256	2	39.16381	475.2590707344	185559008	179436000	177364000	196372992	175779008	175764000
1493881212684	AAFNYQFDSIIEHSEK	P53252	3	78.51942	633.6359129309	345646016	327889984	319121984	328055008	291752992	275260000
1493881218040	AAFTECCQAADK	P02768ups	2	18.55893	686.2866460068	247340000	224620000	224639008	0	0	0
1493881245106	AAFVAIGNTYGFLTPNLWAEQPLPVSPLDIYSDEASAQK	P25443	3	103.38569	1398.7116950036	786353980	903515010	819441980	682086980	598374980	718497980
1493881239707	AAFVAIGNTYGFLTPNLWAEQPLPVSPLDIYSDEASAQK	P25443	4	103.39051	1049.284998837	533623008	699470980	726854020	500633984	521668992	544774020
1493881429522	AAFVAIGNTYGFLTPNLWAEQPLPVSPLDIYSDEASAQKK	P25443	4	100.89487	1081.308629993	182430000	181803008	188236000	444782016	437975008	406199008
1493881232089	AAGAGAGNVPSSTGEAGSGAEEEAKPEAK	P53163	3	21.624739	867.4071406799	37939900	38171000	43564700	56225800	43809800	36476400
1493881229841,1493881537342,1493881951277	AAGANVDNVWADVYAK	P10622	2	73.69203	832.4073873874	1226514820	1335680000	1202320000	1207892350	871107330	879941570
1493881190788	AAGFLLEK	P00560	2	47.033337	424.7465435252	3415170050	3403520000	3282639870	3146641150	3609299970	3290117630
1493881203098	AAGFLLEKEL	P00560	2	73.68914	545.8110293443	1090860030	1013459970	995212030	966185020	850611970	860062980
1493881322221	AAGLTAAYAR	Q12690,P40212	2	25.533195	482.7640819194	922784000	987042750	888951230	1031720830	1064944830	1149410300
1493881702296	AAGLVDIATVLSTSAYLIESK	P00498	3	105.6642	708.0614397028	46699728	0	21619400	25504700	24526800	0
1493881228168	AAGNTVIIGGGDTATVAK	P00560	2	41.371334	808.4371699826	51175300	57420600	77616000	110057000	120658000	68492704
1493881200039	AAGQTSVEIR	P0CS90	2	17.560066	516.2771475764	215706000	205699008	218839008	226292992	198172000	193650000
1493881221777	AAGSAPANPIPVEEK	P39935	2	34.496723	725.8803989812	42818300	35265800	32388600	45871300	45084500	38076000
1493881215640	AAGSYYVEAQHK	Q12213,P05737	2	16.166739	662.3192275616	204874000	189439008	143611008	142270000	131853000	134508992
1493882052561	AAGSYYVEAQHK	Q12213,P05737	3	16.404617	441.8790738424	367367008	373131296	388114176	387148992	410697632	397129056
1493881208895.15	AAIAEEQILNK	P33421	2	37.645115	600.334837569	121480400	121921800	130024896	95831104	137557792	136520304
1493881655253	AAIAKTGAAPIERV	P04710	2	66.75935	684.3986184611	254214016	296955392	284163008	313116096	289772896	303625408
1493881382372	AAIDFYTK	P16862	2	42.72254	464.7429468294	192549792	192195696	220927792	197938288	158318000	21761000
1493881205746	AAIEDGWVPGK	P06168	2	49.540073	571.7954636103	1143170050	1023750020	1010750020	970609020	1098370050	1017240000
1493881865150	AAIVQIDATPFR	P0CX40,P0CX39	2	72.59133	651.3637804987	1439170050	1535849980	1434720000	1327741700	1284979970	1297011330
1493882006158	AAIYLTAVLEYLTAEVLELAGNAAK	Q12692	3	114.713936	869.816132236	0	8661090	5895530	4034770	0	0
1493881782609	AALEAGAFEAVTSNHWAEGGK	P07245	3	72.72578	706.0083209232	0	0	0	18284800	0	0
1493881442657	AALEELVK,+	P12081ups	2	46.040184	436.7578928707	195778000	203648000	211712992	47007300	56364700	50979100
1493881207595	AALIGSLGSIFK	Q08601	2	90.46515	588.8539414061	18176400	0	15863800	18197900	18265500	18458300
1493881223713	AALLNQYFAQAYK	P46655	2	79.856316	750.8963716325	265912000	257514000	278868000	338911008	303700992	255400000
1493882111660	AALLSSGNVK	P39730	2	25.470345	480.2793805093	87169000	87203800	69131000	83553040	77456896	80213400
1493881198680	AALQTYLPK	P15703	2	52.06141	502.7923588352	615068990	575358020	522951008	595734020	592294020	656521790
1493881227800	AALSNSNTPTMNNAAL 15.99492@M11	Q02875	2	48.16934	803.3837520102	70149904	77396400	75587904	54341000	43489400	65719900
1493881194412	AALTDFER	P38754,P36105	2	37.803684	461.7350373427	585622020	577177980	570624000	0	460856992	509443008
1493881193379	AALTPTTVK,+	P38998	2	21.114641	451.2713427902	109817000	129540000	130630000	111420000	97861600	111330000
1493881237171	AANLGGVAVSGLEMAQNSQK	P39708	2	73.91919	972.9950399525	19923800	35960600	43026600	47672100	42880200	31564800
1493881671516	AANLGGVAVSGLEMAQNSQK	P39708	3	74.00566	648.9992522009	94533296	90628600	65762700	109756000	123417000	101392000
1493881237726	AANLGGVAVSGLEMAQNSQR	P07262	2	75.015594	986.9975910276	169020000	159071008	141408992	148630000	150440000	156890000
1493881777956,1493882094691,1493882187146	AANLGGVAVSGLEMAQNSQR	P07262	3	74.76165	658.3326235368	0		0	450980000	504195744	518247008
1493881227839	AANQGALPPDLSLIVK	P07143	2	86.11748	803.9559961058	76209000	84896896	105852000	100228000	98848600	116016000
1493881213382.15	AAPENEKPAPVR	Q01855	2	10.625641	639.8433886505	2945280	2246540	2444620		2948720	2987700
1006513,1230624,1493881771347,1493881771349,1493881771359,1493881863339,1493881863343,1493881881991,1493882183764	AAQDSFAAGWGVMVSHR	P00924	3	120.77774	597.2870389789	52184984	97431024	112642248	115859288	164947680	226783552
39218,45428,53520,54005,81096,83931,166418,201862,266016,267696,296620,308287,314926,375315,375444,389794,393590,447648,489106,579173,589485,599061,666512,668954,676290,684864,688847,730100,730298,730348,765643,765819,826411,862633,873652,874322,910310,947933,951730,952158,952177,979034,986888,989221,989338,1021824,1022156,1022296,1039020,1041819,1046690,1109756,1132738,1192590,1231727,1232020,1493881210738,1493881271051,1493881271068,1493881397128,1493881460288,1493881460291,1493881460296,1493881652836,1493881652837,1493881652841,1493881683074,1493881683078,1493881699249,1493881699251,1493881699260,1493881699261,1493881721219,1493881721223,1493881773473,1493881773543,1493881820928,1493881863993,1493881905732,1493881977945,1493881988490,1493881996170,1493881996171,1493882012821,1493882012826,1493882022016,1493882047093,1493882047094,1493882060207,1493882060208,1493882082860,1493882107568,1493882107570,1493882148241	AAQDSFAANWGVMVSHR,+	P00925	3	111.943794	616.2939606728	2782076420	3364703490	3623948030	3505132800	4329545700	3605797380
1493881196296	AAQDVWNR	P07149	2	21.937958	480.238262183	302395008	289932992	287878016	333958016	267384992	262043008
1493881219850	AAQLGFNTACVEK	P09624	2	45.334675	704.8493647829	460317984	452732000	437262016	426683008	439257024	465436992
1493881240385	AAQQQAQASGIMPSNEDVATK	P38879	2	36.62115	1073.0154375456	47471600	41813000	35200700	36987200	30804400	28051400
1493881221926	AAQQQWGNDFYK	P19097	2	47.060673	728.336023817	226124000	196450000	188783008	189303008	211080992	183068992
1493881608634	AATDAVAAARTLQEGQSED	P32602	3	105.40621	635.3018462754	717503040	734898050	511878496	1034022590	942722050	1206270720
1493881229610	AATFPIAQPATDVEAR	P40212,Q12690	2	59.78321	829.4310625658	181595008	177648992	168362000	212707008	230022000	193860992
1493881839619	AATHPSPVAAK	P03962	2	9.024345	525.2904938882				4241750	3202260	0
1493882108795	AATSTAAEAASQETAKK	rP36124	2	68.306046	818.4080500332	0	0	0	4123870	0	0
1493881219279	AAVDCECEFQNLEHNEK	Q06523	3	43.60454	698.2945934544	98650400	103397000	84051904	83620200	89233400	87085200
1493881226866	AAVEEGILPGGGTALVK	P19882	2	68.821884	791.4462659375	1163120000	1180610050	1091180030	1213869950	1201240060	1192009980
1493881201287	AAVEEGILPGGGTALVK,+	P19882	3	68.79129	527.9665197474	27272000	39407900	46071400	34631900	30948100	42811500
1493881201105	AAVIFNSSDK	P38288	2	29.135664	526.2742665535	112726600	110765200	122720400	110622528	120727136	114905800
1493881918916.15	AAWPSFAR	Q01574	2	56.11065	453.2349832384	34524200	32526000	0	0	0	32395000
1493881592011	AAYALGGLGSGFANNEK	P07259	2	65.33199	820.4074775934	457444608	360500992	428674976	432100000	412530208	402003840
1493881186455	AAYGVVR	P05750	2	16.97708	368.2105397836	237398000	239550000	217183008	267616992	248996992	249498000
1493881215633.15	AAYSYMFDSLR	Q12230	2	37.625175	662.3069775528	102633008	110044144	115900096	162632608	139010704	121154896
1493881224549.15	ACDDKIMYVDYK	P00549	2	43.10483	760.8414920295	66146500	60732500	0	0	444888992	344183008
1493881995176	ACDDKIMYVDYK,+	P00549	3	42.697033	507.5633510066	0	219943008	212752000	992100990	956137020	913446020
1493881236958	ACDTSNDNFPLQYDGSK	P53738	2	50.063282	966.4073953166	17891500	16683200	13516400	22459800	22757900	23903700
1493881204687	ACFDLVNRK	rP32945	2	30.02538	561.7880863301	224796992	198400000	237918000	258656000	238127008	249098000
1493881768900	ACGIIISEER	P30822	2	37.088863	574.2915010787	28012100	19055400	21079000	43608700	45799500	24494700
1493881215451	ACGPCIGQWDR	P19414	2	45.081978	660.2843530618	107809000	102442000	103263000	82247400	67092200	72232600
1493882061135	ACGVSRPVIAASITTNDASAIK	P39990	3	57.45605	734.7229217061	44449000	55487300	51757700	45623020	49670500	41261800
900294.149388183	ACIGGTSFVEDAEGLR	P10081	2	72.12412	841.3993257659	0	26941500	31685200	44923200	0	39690100
1493881189590	ACVLVVSDIKK	P32377	3	41.56953	411.2407770629	72611000	85023904	95302896	0	92084304	80244304
1493881227176	ACVVYGGSPIGNQLR	P06634	2	55.396072	795.9063752541	49757600	43045400	44131200	53603500	48699300	51898200
1276408.14938815	ADAEWVQSTASK	P39935	2	27.100904	646.8094332552	74290496	0	0	59638700	74414800	85236200
1493881224551	ADDDSVTIISAGNDK	P38011	2	38.592266	760.857195235	993169020	914129020	888755010	666467010	657364990	626968000
