Cluster ID	Peptide Sequence	External IDs	Charge	Average RT	Average m/z	s_12500amol_1	s_12500amol_2	s_12500amol_3	s_125amol_1	s_125amol_2	s_125amol_3	s_25000amol_1	s_25000amol_2	s_25000amol_3	s_2500amol_1	s_2500amol_2	s_2500amol_3	s_250amol_1	s_250amol_2	s_250amol_3	s_50000amol_1	s_50000amol_2	s_50000amol_3	s_5000amol_1	s_5000amol_2	s_5000amol_3	s_500amol_1	s_500amol_2	s_500amol_3	s_50amol_1	s_50amol_2	s_50amol_3
1493882053114	AAAAEINVKD	P38156	2	20.250505	501.2679862621	115597000	109302000	100314000	98182352	87241776	98702800	99315200	185658000	161331008	124908000	116218000	112467000	90528896	82128304	90611000	155924000	132508000	139174000	110084000	107755000	108817000	98170000	96898704	104109000	88484096	92873168	97952512
1493881927653	AAAAQDEITGDGTTTVVCLVGELLR	P39079	3	101.865166	854.1034586556	117092368	99896304	95537504	120003104	115310000	111234000	98165128	98281640	89248152	99198096	86487200	75957200	131210000	107853000	109349000	88980728	84864896	84390800	76736800	84261304	95306200	103501000	88347504	113236000	131080000	121482000	93239400
1493881396345	AAADALSDLEIK,+	P09938	2	64.62951	608.8250074758	401188000	388697984	401801984	359542016	351060000	354751008	379267008	512216992	437959008	NA	397294016	426232992	346171008	338128992	NA	NA	509720992	438240992	436776000	405656000	394296000	359827008	366924992	401808000	288121984	318091008	333488992
1493881225551	AAADALSDLEIKDSK	P09938	2	50.1318	773.8997288964	30600710	25456400	20077100	40609900	37849800	45287800	26011270	NA	26446100	11351200	24719300	19233900	41892500	49262900	47240400	27459500	33106600	45373600	22142010	NA	26563700	48773900	62772900	43741600	31562200	30576300	39953200
1493881763263	AAADALSDLEIKDSK	P09938	3	50.039753	516.2697216115	90354400	100388000	85776600	144060000	151791008	172812992	76196400	107399000	102917000	101748000	85367800	78399104	172952992	157891008	158092000	111138000	103868000	91447200	96833200	76984496	81321800	173324992	164656992	174308992	226568992	157805104	130922928
1493881234323	AAAEYEKGEYETAISTLNDAVEQGR	P15705	3	81.50826	905.7637891403	232752000	242820000	221190000	484771008	433919008	510504000	254914000	200944992	230260000	291772992	333064000	285364000	506412000	431940000	442287008	226042000	196852992	207200000	303380000	308499008	270004000	503312000	478358016	484425984	772416000	706552000	577633980
1493882097470	AAAHYIR	P14540	2	32.6138	401.2219424832	NA	NA	NA	NA	NA	NA	NA	244940992	NA	NA	NA	NA	NA	NA	NA	NA	NA	NA	34073200	NA	13696900	NA	NA	NA	NA	NA	NA
1493881220078	AAALVGQASGVEGHF	P19657	2	30.936956	707.3614414521	30481300	36562000	39531100	46069600	58039700	36128088	32219600	38272400	44242000	51069800	50679600	49950600	28104500	34473768	40262100	41999800	67814496	79838400	55997720	47140400	40101400	62527800	47185300	51089700	52009000	79411800	67960600
1493881773839	AAAPAQTTTDYK	Q06505	2	13.681122	619.3002225854	9698970	10369200	7648380	15265720	16576070	19681540	20412210	14644700	8485820	10507200	7478970	6757470	4388600	19744670	6831560	9261330	21526100	7564760	9405360	6898110	7051220	NA	5183730	4697370	19591040	19443440	16166970
1493881232890	AAAPTVVFLDELDSIAK	P25694	2	98.53253	880.480182311	388051008	374689984	414495008	398161984	413579008	444926016	376908000	420839008	479444992	405040000	424683008	437807008	432164992	518191008	459532992	460100000	459528000	386676000	467996992	465996000	409934016	459728000	495576992	496048992	548270980	423912000	347852000
1493881207444	AAAPTVVFLDELDSIAK	P25694	3	98.52632	587.3222929294	114933000	115779000	139283008	127855000	126425000	148614000	119185000	145814000	168180992	107257000	116658000	117683000	127625000	158742000	132915000	132139000	138375008	128079000	117777000	119038000	100166000	116652000	135395008	116074000	181874000	145372000	121690000
1493881516292	AAAQDGYVPQR	P27692	2	17.471907	588.2934436831	13162700	NA	12751400	66393600	37803300	33487100	13067800	16599700	17917600	14965800	15361900	17147000	15422980	18067100	17532600	NA	NA	22870700	16078240	15795600	16277100	21760100	22751800	26103900	13123800	NA	4152440
1493881231971	AAATFPIAQPATDVEAR	P40212,Q12690	2	60.826897	864.9495501166	313152992	319603008	302728992	345124992	319641984	305804000	319199008	387204992	346055008	330231008	321016000	330361984	288932992	327977984	326463008	348820992	369134016	323803008	341087008	340548992	298049984	349438016	363966016	361894016	213554000	231588000	275187008
1493881438504	AACLLPK,+	P02768ups	2	28.21106	386.7292965685	63990700	176114592	174197104	78556096	88932304	73577600	253628112	479784000	445188800	87629400	57044700	73427696	72536288	65546400	67811904	92329600	784631300	797893060	121253096	121801296	58437200	70567696	64069400	75168800	60237400	69859400	68456896
1493881250250,1493881440092,1493881917799,1493881974430	AADALLLK	P00925,P00924	2	44.403503	407.7557621476	7368980000	7373371900	7397083600	7472493100	7384278000	7511400400	7297190400	13194572800	9700249600	8313864200	6845796900	7218450900	6860253700	31628200	7451063300	9790660600	10620976100	9758399500	7952603600	8019567600	7585719800	7743633900	15131100	7511592400	6123016700	7019762200	7413536800
1493881848778	AADCEPIEILLHLPLLCEDK	P39990	3	101.32164	783.7350394823	131127296	44976060	137488096	96664704	81209800	77889200	35963100	62303480	107601008	63642200	112554200	22330320	90149600	97745120	107349400	88466400	103353800	NA	80676096	111247856	96116104	NA	111606656	91224496	96316304	107876000	87332720
1493881465797	AADETAAAFYPSK	P32263	2	38.60521	671.3196130063	NA	265100000	275847008	NA	NA	NA	274566016	309020992	337931008	304526016	290407008	265342000	303060992	NA	NA	NA	275824000	239916000	303059008	279912992	282012992	NA	328982016	300116000	181860992	176336992	202704000
1493881858472	AADGGVLQR	Q99258	2	14.55188	443.7402859332	11900000	7070810	NA	NA	39269400	41245100	NA	21998300	2637370	36302100	21297900	16129800	52036500	46219100	34208600	NA	NA	NA	25108000	14156300	14097100	35345400	22031300	16786500	40883000	38951700	NA
1162867,1493882039380	AADLINLAK,+	P07342	2	50.810345	464.7727569666	93652704	82278800	85168304	140173808	183523296	110468400	105275696	111973000	117128000	79188000	93119800	110002304	103006592	80104648	100796304	108303000	109848000	148694896	107899200	100762400	87372800	108341504	98357400	103436728	134724992	148574112	99827680
1493882071936	AAEAATTDLTYR	Q12363	2	29.963533	641.8174115323	532504992	532623008	588556990	496312000	471483616	501500992	555622020	813694020	820984000	515073984	598198980	564052990	490401984	448432992	445935008	585457020	550332030	558577020	586712000	654273020	531276000	487848992	495441984	541723010	357246016	456740992	408455008
1493881242542	AAEEADADAELADEEDAIHDEL	P17967	2	81.75643	1171.4939071335	214616992	186955008	196732000	185164992	172968000	180624000	187494000	229124000	243607008	199236000	223000000	203700992	200912000	182366000	184403008	223008000	203420992	222227008	184584000	209419008	176804000	160615008	168019008	180508000	218363008	179398000	177707008
1493882082029	AAEEAGVTDVK	P19097	2	14.869782	545.2741050673	45548000	37189000	28110000	16829300	NA	31680300	36634000	69060400	50408000	42839200	15319600	34277200	39231200	37248300	NA	64108000	7943250	NA	NA	NA	NA	NA	NA	40987100	NA	NA	NA
1493881475404	AAEENFNADDKTISDTAAVVGVK	P16862	3	63.290688	789.0558651017	170874000	219998000	179896992	194188992	208255008	195948000	167312000	NA	219444000	174779008	177456992	204468000	254900992	269208992	203647008	NA	NA	NA	156375008	171320000	170496000	227254000	209380992	211311008	295480000	277763008	215652000
1493882128930	AAEIGVSGVVLSNHGGR	P00175	3	47.778522	541.6250282728	13854200	23174000	23066400	18023200	NA	NA	18031500	NA	25692800	3227970	13300100	7932090	7183500	NA	NA	26991200	37360300	30983600	NA	NA	NA	NA	NA	NA	37751000	21303900	20512700
1493881450119,1493881904796	AAEILLENR	P38689	2	40.273815	514.7923414331	NA	13546090	14060930	4421880	NA	2109360	14535740	32249210	26266510	NA	5327130	NA	NA	NA	5634750	NA	31963200	16378250	7401150	NA	4006830	NA	6336360	NA	52246000	38249300	44127000
1493881574069,1493881617121,1493881639628,1493882026316	AAEPHAVSLAWSADGQTLFAGYTDNVIR	P38011	3	128.70183	987.4893841411	157758752	273804192	104341024	118023632	264052384	358247296	185128208	48009744	201691904	61180240	188270640	68980192	207898336	249514224	176942400	80170008	126281392	321832704	297758528	57213392	272963040	115484192	270607744	159228448	733739650	33574920	449603360
1493881439306	AAFEDLK	P07149	2	28.602129	397.2082461749	220004000	246851008	259120000	234938000	248480000	237588000	229364992	361336992	330244000	215868000	249004000	260542000	241703008	235456000	236534000	NA	272168000	271928000	237092000	238656000	253419008	259132992	256996992	238230000	NA	158634000	221799008
1493881203445	AAFGLAEAGYK	Q00711,P47052	2	50.772182	549.2846683244	83866096	82031800	73065000	68892496	77316000	80990600	61475900	91372000	89928600	66675000	76730704	74174496	75447504	59858300	75812800	91527504	96266096	97435400	74409000	76247296	65632600	76401800	77376000	79914800	31966300	46172800	56206600
17260,1493881424352,1493881872416,1493881915126,1493882096159	AAFGNCHGLYAGDIALRPEILAEHQK	P14540	3	82.140465	951.149197349	147932992	212603008	NA	131577000	44417400	236100096	178028512	79187600	140063008	NA	192376000	170012000	NA	NA	199912192	93835296	310953824	NA	94658896	106919000	192208000	162451008	220600992	296003104	80027904	16290200	91117504
19036,19263,208768,208970,415131,586627,1026955,1037883,1128721,1493881280760,1493881344501,1493881913469,1493881968370,1493882130328	AAFGNCHGLYAGDIALRPEILAEHQK	P14540	4	81.32956	713.6136344215	NA	NA	263434304	134685200	28834600	247350240	13004000	NA	41404400	693939140	489982016	62232100	23115370	238956000	514981088	NA	249381600	597827010	108604000	NA	NA	443634688	125452000	513688000	NA	NA	453150976
1493881185548	AAFIER	P49723	2	20.051712	353.697638474	287390016	252972000	233850000	266036000	261012992	278776000	234579008	411539008	390395008	300739008	271833984	266064000	300208992	275638016	263223008	270617984	256432000	230056992	298625984	263999008	258994000	312236992	272868000	286894016	247708000	302836992	269878016
1493881193467	AAFIYYR	P17649	2	48.11109	452.2397867465	75084704	79121296	66873440	82309296	85873296	81511504	63123400	90861800	82939696	82878600	77277696	NA	79076800	85506000	84351200	94378600	84840600	81443600	73864000	68640704	70100000	84911600	87847000	88921296	76119104	72226800	78220600
1493881195750	AAFLGSEVR	P07256	2	39.16381	475.2590707344	185559008	179436000	177364000	196372992	175779008	175764000	174155008	236243008	223806000	191324000	159810000	168662000	181016992	201360000	180251008	212750000	220848992	239174096	184624000	170594000	164456992	222220992	198252000	193243008	144583008	164992992	160144992
1493881212684	AAFNYQFDSIIEHSEK	P53252	3	78.51942	633.6359129309	345646016	327889984	319121984	328055008	291752992	275260000	345489984	392532000	367932992	329492992	327696000	333396000	313484000	306932992	281647008	405192992	328951008	374905984	336041984	325352000	276688992	313998016	327129984	320679008	364091008	335964000	312380000
1493881218040	AAFTECCQAADK	P02768ups	2	18.55893	686.2866460068	247340000	224620000	224639008	NA	NA	NA	450608000	747299970	596838020	33176200	38869500	36132600	NA	NA	NA	1081750020	1048889980	1081799940	106953000	128757000	89321000	NA	NA	NA	NA	NA	NA
1493881245106	AAFVAIGNTYGFLTPNLWAEQPLPVSPLDIYSDEASAQK	P25443	3	103.38569	1398.7116950036	786353980	903515010	819441980	682086980	598374980	718497980	899548030	846502980	803523010	897718980	960828030	847897020	762097980	674945020	661001980	814766980	778673020	747824000	925249020	913225980	783782980	902844990	875436990	798604030	690195010	608532990	619041020
1493881239707	AAFVAIGNTYGFLTPNLWAEQPLPVSPLDIYSDEASAQK	P25443	4	103.39051	1049.284998837	533623008	699470980	726854020	500633984	521668992	544774020	830777020	1033529980	845475010	564531970	570756990	465046016	535633984	460344000	443204000	938648000	880209980	831950980	512232000	529913984	519059008	564366020	552051010	489712000	510088000	489960992	529576992
1493881429522	AAFVAIGNTYGFLTPNLWAEQPLPVSPLDIYSDEASAQKK	P25443	4	100.89487	1081.308629993	182430000	181803008	188236000	444782016	437975008	406199008	185650000	220948000	184904000	NA	218988000	138684992	386636992	358231008	351655008	169513504	153467008	157112000	132720000	158264992	141559008	368544000	421999488	331015392	364406016	448536992	540662980
1493881232089	AAGAGAGNVPSSTGEAGSGAEEEAKPEAK	P53163	3	21.624739	867.4071406799	37939900	38171000	43564700	56225800	43809800	36476400	32265800	38467100	44232400	43449600	41734800	40726600	45280500	37081800	42836200	41866500	40853500	39056000	42140400	40352700	39466400	57029200	49263200	55377500	46503900	39562100	37881700
1493881229841,1493881537342,1493881951277	AAGANVDNVWADVYAK	P10622	2	73.69203	832.4073873874	1226514820	1335680000	1202320000	1207892350	871107330	879941570	1190840060	1825245440	1489665150	984412990	1193780220	1303000060	808780990	1149374980	1125099260	1531993730	1332009980	1440720000	1400110590	1378360960	1219180290	1284668030	1046130750	1225765120	1079949950	1131049980	1236320000
1493881190788	AAGFLLEK	P00560	2	47.033337	424.7465435252	3415170050	3403520000	3282639870	3146641150	3609299970	3290117630	3338240000	5179659800	4081260030	3446269950	3779869950	3514220030	3624130050	3612049920	3282739970	4511079900	4480860200	3984090110	3375109890	3328659970	3671320060	3864890110	3712460030	3916699900	2821929980	2813459970	2853769980
1493881203098	AAGFLLEKEL	P00560	2	73.68914	545.8110293443	1090860030	1013459970	995212030	966185020	850611970	860062980	953225980	1412999940	1393570050	1166439940	1105830020	931782020	841147010	802456000	829115010	1375869950	1498620030	1188739970	1099020030	1152269950	1062579970	888009980	1118809980	1048230020	644614980	766425980	858577980
1493881322221	AAGLTAAYAR	Q12690,P40212	2	25.533195	482.7640819194	922784000	987042750	888951230	1031720830	1064944830	1149410300	1011820030	1442025090	1215919490	936595010	904297020	1017299970	1000026370	990001410	1022636350	1127520000	1239887740	1331112320	1030591740	943345020	983508990	1049916220	1075189760	1131219970	773096510	980212990	1033253700
1493881702296	AAGLVDIATVLSTSAYLIESK	P00498	3	105.6642	708.0614397028	46699728	NA	21619400	25504700	24526800	NA	26797000	47220240	10931500	14466300	30523700	20399700	15061700	12193400	7174530	26419330	39254032	29434300	27927600	NA	43462408	20463300	NA	26506330	132694304	86038304	52133200
1493881228168	AAGNTVIIGGGDTATVAK	P00560	2	41.371334	808.4371699826	51175300	57420600	77616000	110057000	120658000	68492704	62969500	77784400	82095296	56511900	57749800	56794100	72088000	72643800	91469400	104168000	94208896	92195200	48057900	57956400	61914200	58779800	89134600	83803000	155494000	152296992	128438000
1493881200039	AAGQTSVEIR	P0CS90	2	17.560066	516.2771475764	215706000	205699008	218839008	226292992	198172000	193650000	200259008	335875008	275841984	231226000	219074000	247627008	214588000	200539008	184630000	277894016	274268000	223544000	215451008	203704000	210390000	222792000	232242000	239007008	178319008	210060000	219350000
1493881221777	AAGSAPANPIPVEEK	P39935	2	34.496723	725.8803989812	42818300	35265800	32388600	45871300	45084500	38076000	32245800	47199400	50865900	36532900	32023900	37365900	34025500	35158500	32381100	43236300	34891600	50003100	34910000	34055900	36731000	36766900	35627900	41043600	33146900	37268900	46264200
1493881215640	AAGSYYVEAQHK	Q12213,P05737	2	16.166739	662.3192275616	204874000	189439008	143611008	142270000	131853000	134508992	151526000	277088992	202204992	275902016	157538000	191635008	143424000	122661000	150539008	255287008	223710000	247472000	324656000	213038000	202399008	192114000	151563008	176622000	131850000	108078000	99274400
1493882052561	AAGSYYVEAQHK	Q12213,P05737	3	16.404617	441.8790738424	367367008	373131296	388114176	387148992	410697632	397129056	401994432	730506620	467640096	NA	371985984	346300992	370952800	406380608	431174176	455824000	410959616	443351008	332324000	351566016	59369300	508695424	425560480	440830592	388855008	305627008	308193984
1493881208895,1493881208896	AAIAEEQILNK	P33421	2	37.645115	600.334837569	121480400	121921800	130024896	95831104	137557792	136520304	138500496	187299104	159536896	123799904	121370696	119427200	113438592	116868208	112621904	159221200	168762496	160476400	131613200	115832096	132803200	127846096	132849504	136405248	125458704	145345760	131941296
1493881655253	AAIAKTGAAPIERV	P04710	2	66.75935	684.3986184611	254214016	296955392	284163008	313116096	289772896	303625408	284598304	419903008	334780128	306180992	293806400	307720512	263320688	280038400	326649696	400125888	339585984	353370016	298956000	324598592	304036096	342376608	319840896	354382592	263690496	256505216	270053088
1493881382372	AAIDFYTK	P16862	2	42.72254	464.7429468294	192549792	192195696	220927792	197938288	158318000	21761000	179080992	259504000	209395008	180338000	148536000	160640992	155199008	156015008	163922000	242078000	49148300	266231600	175248992	183444000	144724992	194369312	188455408	198331808	169673424	28631400	40154100
1493881205746	AAIEDGWVPGK	P06168	2	49.540073	571.7954636103	1143170050	1023750020	1010750020	970609020	1098370050	1017240000	1031070020	1449910020	1243789950	1177680000	1117810050	1090960000	1084790020	1235399940	1117049980	1406390020	1399020030	1274150020	1179529980	1175030020	1104000000	1179529980	1193010050	1192150020	954918980	1023660030	1050600000
1493881865150	AAIVQIDATPFR	P0CX40,P0CX39	2	72.59133	651.3637804987	1439170050	1535849980	1434720000	1327741700	1284979970	1297011330	1390909950	2260339970	1766770050	1506979970	1389440000	1432870020	1241003520	1227379970	1243239940	1837590020	1623180030	1652349950	1548019970	1525869950	1385139970	1511913220	1614429950	1475437310	1390033790	1332111100	1453672450
1493882006158	AAIYLTAVLEYLTAEVLELAGNAAK	Q12692	3	114.713936	869.816132236	NA	8661090	5895530	4034770	NA	NA	4019770	3980400	5538930	10265370	NA	NA	5112060	656846	NA	2392490	2677430	8464550	2763080	7453580	NA	2316380	19452740	20904330	53648700	32039000	35460380
1493881782609	AALEAGAFEAVTSNHWAEGGK	P07245	3	72.72578	706.0083209232	NA	NA	NA	18284800	NA	NA	NA	NA	NA	NA	NA	NA	NA	NA	NA	NA	NA	NA	NA	NA	NA	NA	NA	NA	123757000	115616000	125599000
1493881442657	AALEELVK,+	P12081ups	2	46.040184	436.7578928707	195778000	203648000	211712992	47007300	56364700	50979100	NA	596785980	NA	95300704	64812800	88758096	57436700	55993200	61842400	989363970	NA	948252030	114109000	NA	126228000	56977600	59419300	58238700	47935400	NA	35923300
1493881207595	AALIGSLGSIFK	Q08601	2	90.46515	588.8539414061	18176400	NA	15863800	18197900	18265500	18458300	17594800	21419400	16951200	16174800	17159900	NA	17782800	18231000	14833300	16359400	18171500	16461900	21472500	16870900	14895300	22070700	23051900	19971700	16440900	18806000	16758800
1493881223713	AALLNQYFAQAYK	P46655	2	79.856316	750.8963716325	265912000	257514000	278868000	338911008	303700992	255400000	274252000	350179008	291657984	266947008	277190016	251216992	273878016	260792992	245940000	346219008	313752992	270078016	285712000	276712992	245791008	297296000	286752000	312367008	270448000	238620000	246995008
1493882111660	AALLSSGNVK	P39730	2	25.470345	480.2793805093	87169000	87203800	69131000	83553040	77456896	80213400	NA	136162000	108300000	NA	73112096	79849000	80488000	70096400	73332096	92456800	87733400	92341296	94749904	89696800	96069200	81627600	71259296	79536704	50891180	76531904	81838096
1493881198680	AALQTYLPK	P15703	2	52.06141	502.7923588352	615068990	575358020	522951008	595734020	592294020	656521790	626080000	805457020	642883010	563326020	575918020	678689980	459950496	651710980	NA	676417020	668697980	598126020	582745980	593411010	685011970	673544000	748430980	638329020	554548990	549001020	500440992
1493881227800	AALSNSNTPTMNNAAL 15.99492@M11	Q02875	2	48.16934	803.3837520102	70149904	77396400	75587904	54341000	43489400	65719900	62421500	107627000	88886496	86898200	76677504	74371904	71536304	59207700	61308100	72160496	85550000	63666200	74091400	79066704	89250704	74029600	67950800	58726300	71198800	60242000	73332304
1493881194412	AALTDFER	P38754,P36105	2	37.803684	461.7350373427	585622020	577177980	570624000	NA	460856992	509443008	601633980	841404030	767817020	561270980	541441020	593113980	511943008	454988992	478540992	725368000	761227010	719292030	599228990	593281980	588700030	501032992	562108990	506664992	412448992	NA	NA
1493881193379	AALTPTTVK,+	P38998	2	21.114641	451.2713427902	109817000	129540000	130630000	111420000	97861600	111330000	129948000	180832000	163720000	127072000	108140000	123252000	110852000	110958000	104012000	198112000	158504992	183978000	120240000	131358000	111658000	119659000	120958000	123841000	95202400	108847000	111353000
1493881237171	AANLGGVAVSGLEMAQNSQK	P39708	2	73.91919	972.9950399525	19923800	35960600	43026600	47672100	42880200	31564800	32376600	45370100	48842500	55653500	43433200	45488800	37110100	40584300	37584600	52977200	49485000	42677400	NA	NA	45597500	42642400	49108600	51876200	20079300	29307400	28866300
1493881671516	AANLGGVAVSGLEMAQNSQK	P39708	3	74.00566	648.9992522009	94533296	90628600	65762700	109756000	123417000	101392000	74666304	111346000	124866000	103862000	98590096	75689296	100375000	89015296	79865600	102922000	111666000	104125000	93725296	95644096	97780600	91846496	131807000	128807000	73671600	97203400	96458096
1493881237726	AANLGGVAVSGLEMAQNSQR	P07262	2	75.015594	986.9975910276	169020000	159071008	141408992	148630000	150440000	156890000	137943008	157180992	148948992	155363008	132218000	163088992	160392992	145484000	161888000	180370000	152524992	146116992	162896992	158428000	147042000	172538000	188187008	173371008	113739000	115239000	123839000
1493881777956,1493882094691,1493882187146	AANLGGVAVSGLEMAQNSQR	P07262	3	74.76165	658.3326235368	NA	NA	NA	450980000	504195744	518247008	568168000	728424000	NA	NA	NA	NA	516055008	493304000	528216992	NA	517319008	NA	373961984	NA	NA	575793020	602609020	NA	347660000	366704000	469851008
1493881227839	AANQGALPPDLSLIVK	P07143	2	86.11748	803.9559961058	76209000	84896896	105852000	100228000	98848600	116016000	77834704	130166000	107128000	103488800	80353904	69929800	117136000	109826000	101993000	92022000	80449904	75742400	101221000	89181000	110629000	116087000	82049104	107357000	150932000	123589000	110659000
1493881213382,1493881273597	AAPENEKPAPVR	Q01855	2	10.625641	639.8433886505	2945280	2246540	2444620	NA	2948720	2987700	3078940	6097450	4417990	NA	2949210	3147330	3151260	2466750	2663660	4665900	4226680	4235900	3425040	3954970	2607200	3209140	3725070	NA	2862400	3095220	2978020
1006513,1230624,1493881771347,1493881771349,1493881771359,1493881863339,1493881863343,1493881881991,1493882183764	AAQDSFAAGWGVMVSHR	P00924	3	120.77774	597.2870389789	52184984	97431024	112642248	115859288	164947680	226783552	67598672	78532976	65588648	74909064	94649184	113706568	172155232	201231280	179374720	71504584	90635248	114102704	95030280	97378624	101879952	196371072	212559840	223853696	137985632	64399448	106982104
39218,45428,53520,54005,81096,83931,166418,201862,266016,267696,296620,308287,314926,375315,375444,389794,393590,447648,489106,579173,589485,599061,666512,668954,676290,684864,688847,730100,730298,730348,765643,765819,826411,862633,873652,874322,910310,947933,951730,952158,952177,979034,986888,989221,989338,1021824,1022156,1022296,1039020,1041819,1046690,1109756,1132738,1192590,1231727,1232020,1493881210738,1493881271051,1493881271068,1493881397128,1493881460288,1493881460291,1493881460296,1493881652836,1493881652837,1493881652841,1493881683074,1493881683078,1493881699249,1493881699251,1493881699260,1493881699261,1493881721219,1493881721223,1493881773473,1493881773543,1493881820928,1493881863993,1493881905732,1493881977945,1493881988490,1493881996170,1493881996171,1493882012821,1493882012826,1493882022016,1493882047093,1493882047094,1493882060207,1493882060208,1493882082860,1493882107568,1493882107570,1493882148241	AAQDSFAANWGVMVSHR,+	P00925	3	111.943794	616.2939606728	2782076420	3364703490	3623948030	3505132800	4329545700	3605797380	2630118400	3051978500	3095613950	3251949820	2484249860	4003734780	4031387900	3703897860	4181101820	2577883140	2706469120	2889866240	3506796800	3474218500	4120830460	4049738240	4610223600	4135276800	3737673220	3349078530	3484683260
1493881196296	AAQDVWNR	P07149	2	21.937958	480.238262183	302395008	289932992	287878016	333958016	267384992	262043008	294010656	399720000	414332000	312380992	279150016	329671008	321071008	296471008	313433984	322353984	285512000	290387008	313223008	296120992	285761984	333121984	307881984	333569984	242122000	276990016	243455008
1493881219850	AAQLGFNTACVEK	P09624	2	45.334675	704.8493647829	460317984	452732000	437262016	426683008	439257024	465436992	434748992	631464000	510152000	466350016	410300992	505064000	459021152	457328000	479833024	584545980	516702976	504027008	469070016	460476992	468540992	488524000	465948992	456019008	410406272	385745024	402879008
1493881240385	AAQQQAQASGIMPSNEDVATK	P38879	2	36.62115	1073.0154375456	47471600	41813000	35200700	36987200	30804400	28051400	34575300	59948400	40785800	41223900	35457600	50530700	31933000	37278200	34966800	40472200	54660500	55434200	49055100	51571900	43299200	38768500	39275600	40123300	19032200	18340800	23539900
1493881221926	AAQQQWGNDFYK	P19097	2	47.060673	728.336023817	226124000	196450000	188783008	189303008	211080992	183068992	180142000	260448000	221106000	221922000	223788000	234848000	221476000	215110000	192332992	204940000	196215008	174952992	227103008	196599008	217759008	227810000	210044992	210747008	159746000	156802000	155107008
1493881608634	AATDAVAAARTLQEGQSED	P32602	3	105.40621	635.3018462754	717503040	734898050	511878496	1034022590	942722050	1206270720	542275390	499241120	727178500	841213500	1025988220	1271212420	853790460	998155650	985029120	403295872	449697536	445987232	1184581500	1038368770	1216554110	1125468930	1211269890	1377498240	578483460	871704900	1047404350
1493881229610	AATFPIAQPATDVEAR	P40212,Q12690	2	59.78321	829.4310625658	181595008	177648992	168362000	212707008	230022000	193860992	168934000	219176992	198884992	184766000	219324992	201260000	171095008	159664992	202342000	225015008	202784000	212838000	204212000	212716992	207288992	250508992	216687008	246854000	152655008	159462000	209290000
1493881839619	AATHPSPVAAK	P03962	2	9.024345	525.2904938882	NA	NA	NA	4241750	3202260	NA	NA	2661310	1265050	2573260	1735700	1108290	6493280	3360960	NA	NA	NA	NA	2257590	1380590	NA	3585690	2091850	NA	NA	NA	1440170
1493882108795	AATSTAAEAASQETAKK	rP36124	2	68.306046	818.4080500332	NA	NA	NA	4123870	NA	NA	NA	NA	NA	NA	NA	NA	NA	NA	NA	NA	NA	NA	NA	NA	NA	NA	NA	NA	NA	16809200	NA
1493881219279	AAVDCECEFQNLEHNEK	Q06523	3	43.60454	698.2945934544	98650400	103397000	84051904	83620200	89233400	87085200	75523800	126794000	104715000	105200000	83539800	102844000	96690704	89114096	96176496	112532000	106474000	95523600	110149000	99477600	100267000	84435504	94257104	97275400	67488400	69640496	83711200
1493881226866	AAVEEGILPGGGTALVK	P19882	2	68.821884	791.4462659375	1163120000	1180610050	1091180030	1213869950	1201240060	1192009980	1189539970	1449149950	1332280060	1192230020	1156230020	1270150020	1146099970	1151440000	1189369980	1384550020	1358259970	1319890050	1231800060	1129459970	1150370050	1432179970	1266509950	1381330050	1223689980	1218360060	1021289980
1493881201287	AAVEEGILPGGGTALVK,+	P19882	3	68.79129	527.9665197474	27272000	39407900	46071400	34631900	30948100	42811500	42986500	71919504	59085300	27767900	31484900	17893500	29846000	28434300	27909000	64674400	61749100	67073400	NA	22853100	31517100	37938100	31349100	36669800	27250600	34733900	25982600
1493881201105	AAVIFNSSDK	P38288	2	29.135664	526.2742665535	112726600	110765200	122720400	110622528	120727136	114905800	50237400	104737696	81970704	109691600	110827104	131437600	113237800	103032160	104737960	128596704	136346592	118061400	112059600	91396800	121872896	125746800	119287992	104133600	91696496	37878300	90526000
1493881918916,1493882171373	AAWPSFAR	Q01574	2	56.11065	453.2349832384	34524200	32526000	NA	NA	NA	32395000	36232500	61100100	42706600	47719100	31499000	40894400	NA	NA	NA	45297400	NA	25228300	42807900	42570900	34641700	NA	NA	NA	23856400	NA	NA
1493881592011	AAYALGGLGSGFANNEK	P07259	2	65.33199	820.4074775934	457444608	360500992	428674976	432100000	412530208	402003840	412090304	471052000	464140096	462336992	453086976	466624000	380039104	396947008	347063584	534210016	497328000	487420992	495928000	456684000	462251008	436095168	434152992	451057984	311042688	326616000	344084000
1493881186455	AAYGVVR	P05750	2	16.97708	368.2105397836	237398000	239550000	217183008	267616992	248996992	249498000	242340000	402779008	362960000	304516000	246220992	260356992	278748000	241964000	248940000	277734016	282694016	219498000	282492992	292708000	252052000	264223008	242460992	265051008	218138288	258451008	234354000
1493881215633,1493881587669	AAYSYMFDSLR	Q12230	2	37.625175	662.3069775528	102633008	110044144	115900096	162632608	139010704	121154896	108754376	99283904	107243088	101224520	101853968	110777568	120510496	121772800	118906096	203374688	171357104	235567712	89300632	96951488	98998928	133759400	141356096	117331696	184891104	189655472	140464704
1493881224549,1493881410551	ACDDKIMYVDYK	P00549	2	43.10483	760.8414920295	66146500	60732500	NA	NA	444888992	344183008	32514400	114889104	38529900	NA	31767900	45157800	395519008	438880000	406940992	85112200	60009300	38060400	82850896	NA	64693200	562134980	446367008	418348992	470305984	477052000	481224992
1493881995176	ACDDKIMYVDYK,+	P00549	3	42.697033	507.5633510066	NA	219943008	212752000	992100990	956137020	913446020	184444992	NA	NA	306475008	NA	309860000	866388990	868876030	741059010	167119008	215916992	183194000	NA	105624000	196807008	876409980	734179010	841627010	1278130050	1259020030	1138329980
1493881236958	ACDTSNDNFPLQYDGSK	P53738	2	50.063282	966.4073953166	17891500	16683200	13516400	22459800	22757900	23903700	9653240	16602900	13330000	19112600	20956500	18712000	20228700	19636400	22093900	22759400	23813900	14081900	19882400	23634400	15623700	19331000	17332200	24859100	22883600	18705900	19055500
1493881204687	ACFDLVNRK	rP32945	2	30.02538	561.7880863301	224796992	198400000	237918000	258656000	238127008	249098000	202603008	292296992	317023008	236548000	272247008	242474000	239240992	NA	216096992	200407008	185040000	193184992	244632992	269375008	236986000	280524000	258136992	300384000	174504000	223882000	195340992
1493881768900	ACGIIISEER	P30822	2	37.088863	574.2915010787	28012100	19055400	21079000	43608700	45799500	24494700	22771400	66108000	NA	NA	NA	28496800	20804700	21563900	22748000	50929100	52848800	55848200	44796300	12323900	9690730	25035600	25342300	NA	40303600	43441000	48215200
1493881215451	ACGPCIGQWDR	P19414	2	45.081978	660.2843530618	107809000	102442000	103263000	82247400	67092200	72232600	95571800	140295008	114760000	105280000	94800400	105718000	81596896	82063000	88228304	124225000	144364000	116327000	123255000	115889000	103497000	91649600	87556896	87581200	74635000	72707104	58425600
1493882061135	ACGVSRPVIAASITTNDASAIK	P39990	3	57.45605	734.7229217061	44449000	55487300	51757700	45623020	49670500	41261800	30507800	53252000	30592000	33391890	29181000	43537100	30132100	54079900	21078700	59296800	74364200	55733920	19852170	37085800	20248800	39981500	12741300	31765700	136266000	NA	73011200
900294,1493881827017	ACIGGTSFVEDAEGLR	P10081	2	72.12412	841.3993257659	NA	26941500	31685200	44923200	NA	39690100	10021900	27103400	7468610	36315600	NA	6084660	40655000	NA	39031600	68030200	37224900	22613800	54501200	NA	NA	NA	42915000	NA	NA	45371500	30109300
1493881189590	ACVLVVSDIKK	P32377	3	41.56953	411.2407770629	72611000	85023904	95302896	NA	92084304	80244304	92137400	115373000	NA	62199600	60130300	75322896	81300400	68004800	78210496	138656000	125097000	129244000	31856900	59504600	70280800	94378600	90308712	72103504	99150096	88505504	89616000
1493881227176	ACVVYGGSPIGNQLR	P06634	2	55.396072	795.9063752541	49757600	43045400	44131200	53603500	48699300	51898200	48475600	59287000	48708900	38811500	42577400	48310600	47080100	45499700	48306100	56695100	47864600	52278500	54117100	45061100	51987900	61222800	49587500	55564600	47100100	42781000	38934400
1276408,1493881522131	ADAEWVQSTASK	P39935	2	27.100904	646.8094332552	74290496	NA	NA	59638700	74414800	85236200	NA	81047104	65718000	72616496	81344064	74385504	76660200	87431696	72607104	NA	NA	NA	80004400	75860496	77888800	82327696	83711600	67503296	NA	NA	NA
1493881224551	ADDDSVTIISAGNDK	P38011	2	38.592266	760.857195235	993169020	914129020	888755010	666467010	657364990	626968000	940171010	1113040000	1157709950	927348990	925593980	788027010	716817980	696630980	616657980	1101280000	1145510020	995459970	911830020	850243010	884022020	651369980	707625020	662302980	506336000	547556990	538488000
