Cluster ID	Peptide Sequence	External IDs	Charge	Average RT	Average m/z	4-5_PValue	4-5_AdjPVal	4-5_log2FoldChange	featureAvg	s_125amol_1	s_125amol_2	s_125amol_3	s_12500amol_1	s_12500amol_2	s_12500amol_3
1493882053114	AAAAEINVKD	P38156	2	20.250505	501.2679862621	0.118232038456562	0.251622030561402	-0.153786115081598	26.5920474784022	26.5489603917028	26.378515803749	26.5565876758316	26.7845287162689	26.7037445586786	26.5799477241825
1493881927653	AAAAQDEITGDGTTTVVCLVGELLR	P39079	3	101.865166	854.1034586556	0.0821848589964505	0.184360629640686	0.197707619536001	26.7058375142551	26.8384964821618	26.7809423919916	26.729022591531	26.8030718041321	26.5739279658577	26.5095638498562
1493881396345	AAADALSDLEIK,+	P09938	2	64.62951	608.8250074758	0.0402514943241315	0.146186575360837	-0.161263074963546	28.4844410170824	28.4215851326366	28.3871423830899	28.4022315427069	28.5797032130066	28.5340743841911	28.5819094468632
1493881225551	AAADALSDLEIKDSK	P09938	2	50.1318	773.8997288964	0.00655471199195417	0.0453367579443497	0.792593938270112	24.9348940047393	25.2753281389084	25.1737823411789	25.4326191217674	24.8670617910378	24.6015250744417	24.2590475611015
1493881763263	AAADALSDLEIKDSK	P09938	3	50.039753	516.2697216115	0.00172807629791176	0.0204900475323822	0.75701799209552	26.8347376668187	27.102094568501	27.1775110880733	27.3646364418167	26.4290915221206	26.5810115844117	26.3540807959888
1493881234323	AAAEYEKGEYETAISTLNDAVEQGR	P15705	3	81.50826	905.7637891403	0.000131662360987894	0.00218559519239905	1.05867543647766	28.3071945012912	28.8527281793097	28.6928505444854	28.9273470243304	27.7942183237796	27.85531201394	27.7207109219024
1493882097470	AAAHYIR	P14540	2	32.6138	401.2219424832	0.000131662360987894	0.00218559519239905	1.05867543647766	28.3071945012912	28.8527281793097	28.6928505444854	28.9273470243304	27.7942183237796	27.85531201394	27.7207109219024
1493881220078	AAALVGQASGVEGHF	P19657	2	30.936956	707.3614414521	0.197888872202833	0.356943550663537	0.338386371562347	25.2627022581948	25.4573117359865	25.790536726524	25.1066175695241	24.8614210979994	25.1238416544971	25.2364847646376
1493881773839	AAAPAQTTTDYK	Q06505	2	13.681122	619.3002225854	0.00428274371467788	0.0355467728318264	0.92296903010865	23.5764424804828	23.8637922993464	23.9825986647979	24.2303397742911	23.209400115099	23.305801256477	22.8667227728856
1493881232890	AAAPTVVFLDELDSIAK	P25694	2	98.53253	880.480182311	0.421576632749955	0.555410484416608	0.055946553347141	28.5934884828742	28.5687802400446	28.6235877198415	28.7289902182708	28.5316710613874	28.4811221719763	28.6267794857246
1493881207444	AAAPTVVFLDELDSIAK	P25694	3	98.52632	587.3222929294	0.540375577568449	0.650016999104076	0.0626659371532412	26.9345158165637	26.9299333399691	26.9137065375641	27.1469947886981	26.7762178486483	26.786798360066	27.0534440244365
1493881516292	AAAQDGYVPQR	P27692	2	17.471907	588.2934436831	0.00215411283055308	0.0223489206169882	1.84648268835566	24.6815512454325	25.9845408441382	25.1720088427275	24.9971021075367	23.6499521165882	NA	23.6041523161722
1493881231971	AAATFPIAQPATDVEAR	P40212,Q12690	2	60.826897	864.9495501166	0.218351635223714	0.366865319662367	0.086024936770464	28.241651198764	28.3625437084706	28.2518816734054	28.1880320367669	28.2222924222439	28.2517057456072	28.1734516060903
1493881438504	AACLLPK,+	P02768ups	2	28.21106	386.7292965685	0.158410406457866	0.317697506577966	-0.770545403061497	26.5776051544046	26.2272198980725	26.4062042267441	26.1327632825642	25.9313589124678	27.3919392079267	27.3761453986524
1493881250250,1493881440092,1493881917799,1493881974430	AADALLLK	P00925,P00924	2	44.403503	407.7557621476	0.797497386725046	0.81718868022443	0.0147538664477338	32.78833193339	32.798942513725	32.7818097219309	32.8064347579695	32.7788177920608	32.7796773798092	32.7843094348447
1493881848778	AADCEPIEILLHLPLLCEDK	P39990	3	101.32164	783.7350394823	0.678584140270532	0.745135374626344	-0.22886687177111	26.4067224238592	26.5264858666364	26.2751504994827	26.2149199644289	26.9663927932842	25.422653947661	27.0347314716619
1493881465797	AADETAAAFYPSK	P32263	2	38.60521	671.3196130063	NA	NA	NA	NA	NA	NA	NA	NA	27.9819614293041	28.03929309133
1493881858472	AADGGVLQR	Q99258	2	14.55188	443.7402859332	NA	NA	NA	NA	NA	25.2269022193425	25.2977193987069	23.5044582377448	22.7534440624418	NA
1162867.1493882	AADLINLAK,+	P07342	2	50.810345	464.7727569666	0.028322706632338	0.129327083440053	0.708317071066542	26.7252893401248	27.0626415606684	27.4513879659846	26.7190584980987	26.4808173136833	26.2940174171571	26.3438132851568
1493882071936	AAEAATTDLTYR	Q12363	2	29.963533	641.8174115323	0.0517157437486587	0.146186575360837	-0.188579792594552	28.9517246672564	28.886672096126	28.8126323973879	28.9016773136793	28.988219809132	28.9885395098603	29.1326068773526
1493881242542	AAEEADADAELADEEDAIHDEL	P17967	2	81.75643	1171.4939071335	0.164590274492199	0.317697506577966	-0.133950305898036	27.4942569563295	27.4642361220485	27.3659299153913	27.4284143594511	27.6771890630762	27.478115876564	27.5516564014457
1493882082029	AAEEAGVTDVK	P19097	2	14.869782	545.2741050673	0.205617403168411	0.356943550663537	-0.66330271603417	24.8510783208496	24.0044718344902	NA	24.9170826614492	25.440884371292	25.148372619087	24.7445801179298
1493881475404	AAEENFNADDKTISDTAAVVGVK	P16862	3	63.290688	789.0558651017	0.53451021187385	0.650016999104076	0.0847448619439319	27.5327377299108	27.5328861800562	27.6337759482306	27.5458956068295	27.3483576539207	27.7129151673798	27.4225958230481
1493882128930	AAEIGVSGVVLSNHGGR	P00175	3	47.778522	541.6250282728	NA	NA	NA	NA	24.103351847076	NA	NA	23.7238200701334	24.466003749506	24.4592895227006
1493881450119.15	AAEILLENR	P38689	2	40.273815	514.7923414331	0.014503807632826	0.0859868595374682	-2.17597974118692	22.6302910459159	22.0762284434711	NA	21.0083739071738	NA	23.6913731503557	23.745188682663
1493881574069,1493881617121,1493881639628,1493882026316	AAEPHAVSLAWSADGQTLFAGYTDNVIR	P38011	3	128.70183	987.4893841411	0.575384967932044	0.672633131526192	0.371613482747524	27.5175958955764	26.8145005200052	27.9762489259559	28.416380574369	27.2331448030817	28.0285692938295	26.636731256217
1493881439306	AAFEDLK	P07149	2	28.602129	397.2082461749	0.627615808812542	0.713590577143027	-0.0405647925056059	27.843535167468	27.8077048397444	27.8885544939368	27.8238867300116	27.7129545134293	27.8790652953411	27.9490451323446
1493881203445	AAFGLAEAGYK	Q00711,P47052	2	50.772182	549.2846683244	0.508942554556229	0.630481075047269	-0.076354195290218	26.2078832962608	26.0378435125523	26.2042636648047	26.2712511386244	26.3215843638131	26.2896799496593	26.1226771481111
17260,1493881424352,1493881872416,1493881915126,1493882096159	AAFGNCHGLYAGDIALRPEILAEHQK	P14540	3	82.140465	951.149197349	NA	NA	NA	NA	26.9713320833854	25.4046216105208	27.8148233872758	27.1403685971127	27.6635867679904	NA
19036,19263,208768,208970,415131,586627,1026955,1037883,1128721,1493881280760,1493881344501,1493881913469,1493881968370,1493882130328	AAFGNCHGLYAGDIALRPEILAEHQK	P14540	4	81.32956	713.6136344215	NA	NA	NA	NA	27.005016086813	24.7812976733581	27.8819800584201	NA	NA	27.9728679824013
1493881185548	AAFIER	P49723	2	20.051712	353.697638474	0.379172922825126	0.515923813024352	0.0933291103298899	27.9691615173893	27.9870462435744	27.9595463782599	28.0545311231339	28.0984347021834	27.9144024693282	27.8010081878558
1493881193467	AAFIYYR	P17649	2	48.11109	452.2397867465	0.0554042245294881	0.146186575360837	0.208968062383846	26.2208778403428	26.2945520418297	26.3557062307567	26.2805003504573	26.1620157009664	26.2375627217224	25.9949299963246
1493881195750	AAFLGSEVR	P07256	2	39.16381	475.2590707344	0.491058480797619	0.617543241003066	0.0464554042171912	27.4359346820009	27.549021282504	27.3891875493607	27.3890643668955	27.4673027977602	27.4188941243343	27.4021379711505
1493881212684	AAFNYQFDSIIEHSEK	P53252	3	78.51942	633.6359129309	0.202761673969606	0.356943550663537	-0.104326301780404	28.2247739758522	28.2893625041708	28.1201722103063	28.0362197359252	28.3647200559861	28.288636591741	28.2495327569838
1493881218040	AAFTECCQAADK	P02768ups	2	18.55893	686.2866460068	NA	NA	NA	NA	NA	NA	NA	27.8819203313585	27.7429111490645	27.7430332289644
1493881245106	AAFVAIGNTYGFLTPNLWAEQPLPVSPLDIYSDEASAQK	P25443	3	103.38569	1398.7116950036	0.0389037292421653	0.146186575360837	-0.313516417010451	29.4723179162532	29.3453804831186	29.1564746118235	29.4204088597647	29.550603652028	29.7509733277291	29.6100665630551
1493881239707	AAFVAIGNTYGFLTPNLWAEQPLPVSPLDIYSDEASAQK	P25443	4	103.39051	1049.284998837	0.0418262204198637	0.146186575360837	-0.367277831298811	29.1148080146629	28.89918098637	28.9585594412333	29.0210826626859	28.991245631041	29.381688962481	29.4370904041662
1493881429522	AAFVAIGNTYGFLTPNLWAEQPLPVSPLDIYSDEASAQKK	P25443	4	100.89487	1081.308629993	2.12554495742644e-05	0.000588067438221314	1.22610699363173	28.0668239848966	28.7285232154334	28.70627330732	28.5976114754557	27.4427677544587	27.4378008287672	27.4879673279448
1493881232089	AAGAGAGNVPSSTGEAGSGAEEEAKPEAK	P53163	3	21.624739	867.4071406799	0.295198324188637	0.429850191362402	0.219542367720877	25.3316302859139	25.7447289475214	25.3847502927125	25.1204600154677	25.177212540386	25.185973646839	25.3766562725572
1493881229841,1493881537342,1493881951277	AAGANVDNVWADVYAK	P10622	2	73.69203	832.4073873874	0.0598836573767284	0.146186575360837	-0.27059878261872	30.0418285055473	30.1698447382506	29.6982752447647	29.7128324879967	30.1919175200965	30.3149272647093	30.1631737774658
1493881190788	AAGFLLEK	P00560	2	47.033337	424.7465435252	0.785584096471867	0.815043500089562	-0.0228036090064485	31.6436049145106	31.5511655138318	31.7490719050206	31.6154920188538	31.6693102697443	31.6643804414071	31.6122093382061
1493881203098	AAGFLLEKEL	P00560	2	73.68914	545.8110293443	0.0537573938595268	0.146186575360837	-0.17026917720235	29.8369011206934	29.847724244099	29.6639259161295	29.6798670672937	30.0228188530084	29.9166419598379	29.8904286837921
1493881322221	AAGLTAAYAR	Q12690,P40212	2	25.533195	482.7640819194	0.0544042633691644	0.146186575360837	0.214044037546138	29.9027113159946	29.9424055033714	29.9881315468345	30.098246736489	29.7814177486846	29.8785373299785	29.7275290306093
1493881702296	AAGLVDIATVLSTSAYLIESK	P00498	3	105.6642	708.0614397028	0.400666877062706	0.536376625745236	-0.345309241137521	24.7487123595369	24.6042597952911	24.5478556826451	NA	25.4769108112729	NA	24.3658231489383
1493881228168	AAGNTVIIGGGDTATVAK	P00560	2	41.371334	808.4371699826	0.103224328769873	0.225463665471038	0.624858940741117	26.1972218532343	26.7136756675643	26.8463483329841	26.0294469812829	25.6089443188563	25.7750650698612	26.2098507488569
1493881200039	AAGQTSVEIR	P0CS90	2	17.560066	516.2771475764	0.753777840341219	0.802096932670784	-0.0281881333497545	27.6417360272301	27.7536166660042	27.5621778956153	27.5288762604652	27.6844910656383	27.6159595954657	27.7052946801919
1493881221777	AAGSAPANPIPVEEK	P39935	2	34.496723	725.8803989812	0.0640608994087809	0.151915847169395	0.297306883526687	25.2386781037844	25.4510884584197	25.4261281860144	25.1823785913009	25.351724182255	25.0717664316407	24.9489827730761
1493881215640	AAGSYYVEAQHK	Q12213,P05737	2	16.166739	662.3192275616	0.0449514040172429	0.146186575360837	-0.289226760566642	27.2110749544812	27.0840562367458	26.9743551557537	27.0031273800606	27.6101616665759	27.4971581905055	27.0975910972455
1493882052561	AAGSYYVEAQHK	Q12213,P05737	3	16.404617	441.8790738424	0.330099894011573	0.472384331085526	0.0608986560191767	28.5277514261118	28.5283136449856	28.6135013881502	28.5650326787968	28.4526468277583	28.4751081288769	28.5319058881032
1493881208895.15	AAIAEEQILNK	P33421	2	37.645115	600.334837569	0.28921765129616	0.429850191362402	-0.13449256382119	26.8742892333432	26.5139906531942	27.035462622936	27.0245402912091	26.8561483231043	26.8613808665171	26.9542126430984
1493881655253	AAIAKTGAAPIERV	P04710	2	66.75935	684.3986184611	0.2322586906155	0.370720602328586	0.125220801927963	28.1099116619962	28.2221224324509	28.1103474173648	28.1777172825988	27.9214683341162	28.1456709878561	28.0821435175906
1493881382372	AAIDFYTK	P16862	2	42.72254	464.7429468294	0.369937710967758	0.511747166838731	-0.935553490597965	26.988603970542	27.5604754647887	27.2382500514308	24.3752415196	27.5206563237777	27.5180007880879	27.7189996755673
1493881205746	AAIEDGWVPGK	P06168	2	49.540073	571.7954636103	0.644201741646317	0.722550602116816	-0.0459518335070079	29.9572388872586	29.8543150264221	30.0327170461775	29.9220129520225	30.0903928787495	29.9312163340371	29.9127790861429
1493881865150	AAIVQIDATPFR	P0CX40,P0CX39	2	72.59133	651.3637804987	0.0516859243074536	0.146186575360837	-0.157731702910159	30.3658453611713	30.306327364847	30.259098725151	30.2725439362462	30.4225899226435	30.5163901561911	30.4181220619487
1493882006158	AAIYLTAVLEYLTAEVLELAGNAAK	Q12692	3	114.713936	869.816132236	NA	NA	NA	NA	21.9440550050783	NA	NA	NA	23.0461171691767	22.4911900846498
1493881782609	AALEAGAFEAVTSNHWAEGGK	P07245	3	72.72578	706.0083209232	NA	NA	NA	NA	24.1241415107111	NA	NA	NA	NA	NA
1493881442657	AALEELVK,+	P12081ups	2	46.040184	436.7578928707	3.03781414263039e-06	0.000252138573838322	-2.03419020862086	26.6069588356071	25.4863814817677	25.7482885807558	25.6034025680346	27.5446434143667	27.6015024049931	27.6575345637248
1493881207595	AALIGSLGSIFK	Q08601	2	90.46515	588.8539414061	0.221505429775336	0.366865319662367	0.121277821739863	24.0824902229228	24.1172686402186	24.1226179108021	24.1377663518373	24.1155631532681	NA	23.9192350584878
1493881223713	AALLNQYFAQAYK	P46655	2	79.856316	750.8963716325	0.206425185925901	0.356943550663537	0.18561464939836	28.0706745574751	28.3363312561424	28.1780763799887	27.9281832841395	27.986373643289	27.9400756270512	28.0550071542396
1493882111660	AALLSSGNVK	P39730	2	25.470345	480.2793805093	0.468251528129215	0.59792118207269	0.0639374605250502	26.2630747027268	26.3161889845762	26.2068903523176	26.2573399295538	26.3773118233208	26.3778876675819	26.0428294590105
1493881198680	AALQTYLPK	P15703	2	52.06141	502.7923588352	0.239001865124846	0.374285939723816	0.127983329349224	29.1400428860196	29.1500931071075	29.1417382793701	29.2902676541519	29.1961730003615	29.0998847202747	28.9621005548519
1493881227800	AALSNSNTPTMNNAAL 15.99492@M11	Q02875	2	48.16934	803.3837520102	0.0558564268847502	0.146186575360837	-0.469485510601089	25.9134796944871	25.695537778939	25.3741604690587	25.9698269492832	26.0639377937329	26.2057631269257	26.1716520489829
1493881194412	AALTDFER	P38754,P36105	2	37.803684	461.7350373427	NA	NA	NA	NA	NA	28.7797438981698	28.9243455184934	29.1253945605821	29.1044410195122	29.0879651859218
1493881193379	AALTPTTVK,+	P38998	2	21.114641	451.2713427902	0.131167434584751	0.272172426763359	-0.210949486870689	26.7710332119013	26.731432980206	26.5442395346914	26.7302671659681	26.7105261642368	26.9488224082931	26.9609110180122
1493881237171	AANLGGVAVSGLEMAQNSQK	P39708	2	73.91919	972.9950399525	0.457658150594464	0.593525414052195	0.303387748139404	25.0798153628323	25.5066418430669	25.3538082989796	24.9118132741776	24.24798949828	25.0999137565267	25.3587255059633
1493881671516	AANLGGVAVSGLEMAQNSQK	P39708	3	74.00566	648.9992522009	0.0266435574088397	0.129327083440053	0.5061172336233	26.5137679207607	26.7097245684143	26.8789658904296	26.5953685848559	26.4943192212024	26.433463062905	25.9707661967568
1493881237726	AANLGGVAVSGLEMAQNSQR	P07262	2	75.015594	986.9975910276	0.904233725988054	0.915260966548884	-0.0110550778757599	27.1983257095895	27.1471501029899	27.1646129705898	27.2251781585038	27.3326187286455	27.2450956756854	27.0752986211227
1493881777956,1493882094691,1493882187146	AANLGGVAVSGLEMAQNSQR	P07262	3	74.76165	658.3326235368	NA	NA	NA	NA	28.7484882135538	28.9094086993183	28.9490646413337	NA	NA	NA
1493881227839	AANQGALPPDLSLIVK	P07143	2	86.11748	803.9559961058	0.225423268708202	0.366865319662367	0.167068341203382	26.5178859845964	26.5787103596292	26.5587171973146	26.7897485431488	26.1834580489202	26.3392084711433	26.6574732874224
1493881213382.15	AAPENEKPAPVR	Q01855	2	10.625641	639.8433886505	NA	NA	NA	NA	NA	21.4916574050199	21.5106038612796	21.4899733631115	21.0992733188276	21.2211787945335
1006513,1230624,1493881771347,1493881771349,1493881771359,1493881863339,1493881863343,1493881881991,1493882183764	AAQDSFAAGWGVMVSHR	P00924	3	120.77774	597.2870389789	0.0587909291604002	0.146186575360837	0.740104016391982	26.7940257603282	26.7877984633312	27.2974332455435	27.7567407683891	25.6371314015579	26.5378778928255	26.7471727903218
39218,45428,53520,54005,81096,83931,166418,201862,266016,267696,296620,308287,314926,375315,375444,389794,393590,447648,489106,579173,589485,599061,666512,668954,676290,684864,688847,730100,730298,730348,765643,765819,826411,862633,873652,874322,910310,947933,951730,952158,952177,979034,986888,989221,989338,1021824,1022156,1022296,1039020,1041819,1046690,1109756,1132738,1192590,1231727,1232020,1493881210738,1493881271051,1493881271068,1493881397128,1493881460288,1493881460291,1493881460296,1493881652836,1493881652837,1493881652841,1493881683074,1493881683078,1493881699249,1493881699251,1493881699260,1493881699261,1493881721219,1493881721223,1493881773473,1493881773543,1493881820928,1493881863993,1493881905732,1493881977945,1493881988490,1493881996170,1493881996171,1493882012821,1493882012826,1493882022016,1493882047093,1493882047094,1493882060207,1493882060208,1493882082860,1493882107568,1493882107570,1493882148241	AAQDSFAANWGVMVSHR,+	P00925	3	111.943794	616.2939606728	0.253334805455486	0.389384978755655	0.160426558495466	31.7070539833421	31.7068219590701	32.0115685046329	31.7476711839007	31.3735149033563	31.6478322288502	31.7549151202427
1493881196296	AAQDVWNR	P07149	2	21.937958	480.238262183	0.782293165024377	0.815043500089562	0.0262466295897568	28.1097581429298	28.315091502769	27.9943432500544	27.9652283736717	28.1718590825432	28.1111442687196	28.1008823798211
1493881219850	AAQLGFNTACVEK	P09624	2	45.334675	704.8493647829	0.735234583977755	0.792525590521477	-0.024575899941933	28.734858427938	28.6685894176523	28.7104901151309	28.7940106369116	28.7780555669025	28.7540820418492	28.7039227891816
1493881240385	AAQQQAQASGIMPSNEDVATK	P38879	2	36.62115	1073.0154375456	0.0295302491520584	0.129327083440053	-0.264240769975675	25.1076392729512	25.1405227541027	24.8766330997033	24.7415694394183	25.5005613399145	25.3174482218211	25.069100782747
1493881221926	AAQQQWGNDFYK	P19097	2	47.060673	728.336023817	0.682292632187978	0.745135374626344	-0.048288833385616	27.5652392026005	27.4961220945579	27.6532214278739	27.4478122090206	27.7525388818537	27.5495869268955	27.4921536754017
1493881608634	AATDAVAAARTLQEGQSED	P32602	3	105.40621	635.3018462754	0.00771594873091113	0.0492633649742788	0.784393505348699	29.6213981854558	29.9456205581352	29.812257231807	30.1679065776184	29.4184097034777	29.4529688825702	28.9312261591266
1493881229610	AATFPIAQPATDVEAR	P40212,Q12690	2	59.78321	829.4310625658	0.0296049950043495	0.129327083440053	0.285410592571687	27.5232551850859	27.664292325262	27.7771966105861	27.5304472979244	27.4361493029577	27.4044542617803	27.3269913120049
1493881839619	AATHPSPVAAK	P03962	2	9.024345	525.2904938882	NA	NA	NA	NA	22.0162281632269	21.6106590181785	NA	NA	NA	NA
1493882108795	AATSTAAEAASQETAKK	rP36124	2	68.306046	818.4080500332	NA	NA	NA	NA	21.9755674235357	NA	NA	NA	NA	NA
1493881219279	AAVDCECEFQNLEHNEK	Q06523	3	43.60454	698.2945934544	0.353792648920587	0.497708302718792	-0.101823492414685	26.4347617782792	26.3173481581875	26.4110804752007	26.3759242199948	26.5558215649003	26.6236190864547	26.3247771649371
1493881226866	AAVEEGILPGGGTALVK	P19882	2	68.821884	791.4462659375	0.176175740092465	0.332331509719877	0.0919594417172647	30.1275122364909	30.1769667182979	30.1618773470473	30.1507491686758	30.1153528024517	30.1368853819478	30.0232420005251
1493881201287	AAVEEGILPGGGTALVK,+	P19882	3	68.79129	527.9665197474	0.600167478095869	0.691859731693849	-0.130398987251894	25.1117845942726	25.0455982040823	24.8833475048395	25.3514950487921	24.700917168802	25.2319815362372	25.4573681028823
1493881201105	AAVIFNSSDK	P38288	2	29.135664	526.2742665535	0.560911921512098	0.665081278364345	-0.0368977033317357	26.7810171914608	26.7210699758133	26.8471747481373	26.7758763805821	26.7482527463037	26.722929448488	26.8707998494406
1493881918916.15	AAWPSFAR	Q01574	2	56.11065	453.2349832384	NA	NA	NA	NA	NA	NA	24.9492678220172	25.0411046487338	24.955090076969	NA
1493881592011	AAYALGGLGSGFANNEK	P07259	2	65.33199	820.4074775934	0.950735468138488	0.950735468138488	0.00776770479388844	28.6265178872202	28.6867899900265	28.6199245253328	28.5826340414048	28.769021817027	28.4254279884721	28.675308961058
1493881186455	AAYGVVR	P05750	2	16.97708	368.2105397836	0.0232513700229971	0.128657580793917	0.18250973624431	27.8557367780625	27.9955944800703	27.8915530730674	27.8944530099254	27.8227325398991	27.8357515725692	27.6943359928439
1493881215633.15	AAYSYMFDSLR	Q12230	2	37.625175	662.3069775528	0.0381294330009071	0.146186575360837	0.388485272350682	26.8824454525476	27.277041307308	27.0506207356675	26.8522774659286	26.6129195526114	26.7135071333429	26.7883065204275
1493881224549.15	ACDDKIMYVDYK	P00549	2	43.10483	760.8414920295	NA	NA	NA	NA	NA	28.7288701610887	28.3586006337017	25.9791614856251	25.8559654218956	NA
1493881995176	ACDDKIMYVDYK,+	P00549	3	42.697033	507.5633510066	1.61663563956282e-05	0.000588067438221314	2.1514935250216	28.972490013856	29.8859117449896	29.8326421387167	29.7667442345534	NA	27.7125544977233	27.6645974532969
1493881236958	ACDTSNDNFPLQYDGSK	P53738	2	50.063282	966.4073953166	0.00504567406335324	0.0380719042962108	0.58279981518983	24.1907179644378	24.4208417450982	24.4398641023761	24.5107306112252	24.0927710103405	23.9918927024753	23.6882076151113
1493881204687	ACFDLVNRK	rP32945	2	30.02538	561.7880863301	0.161893395303673	0.317697506577966	0.163137601412338	27.7999211817585	27.9464594169845	27.8271560172458	27.8921381973711	27.7440474901394	27.5638367848237	27.8258891839867
1493881768900	ACGIIISEER	P30822	2	37.088863	574.2915010787	0.0576507203931155	0.146186575360837	0.792292637347487	24.7709089835292	25.3781126477173	25.4488285125019	24.5459662864646	24.7395468070677	24.1836965569042	24.3293030905196
1493881215451	ACGPCIGQWDR	P19414	2	45.081978	660.2843530618	0.00336767020999252	0.0310574030477088	-0.461227215018852	26.385856309596	26.293466737389	25.9996417156531	26.1061467650848	26.6839023797996	26.6102320835069	26.6217481761424
1493882061135	ACGVSRPVIAASITTNDASAIK	P39990	3	57.45605	734.7229217061	0.290848708425702	0.429850191362402	-0.157783914381369	25.5106700059887	25.4432586127208	25.5658859337145	25.2983034227707	25.4056476263201	25.7256542676803	25.6252701727259
900294.149388183	ACIGGTSFVEDAEGLR	P10081	2	72.12412	841.3993257659	0.0529007405178552	0.146186575360837	0.531300298445977	25.0659664628269	25.4209573626468	NA	25.2422758614528	NA	24.6833268410072	24.9173057862005
1493881189590	ACVLVVSDIKK	P32377	3	41.56953	411.2407770629	NA	NA	NA	NA	NA	26.4564519305047	26.257895652925	26.1136847860321	26.3413651682149	26.5060167186548
1493881227176	ACVVYGGSPIGNQLR	P06634	2	55.396072	795.9063752541	0.0700020711267867	0.161393663986758	0.199966503937581	25.5275779462292	25.6758238676519	25.5373976994804	25.6291811662608	25.5684135646398	25.3593557380294	25.3952956413127
1276408.14938815	ADAEWVQSTASK	P39935	2	27.100904	646.8094332552	NA	NA	NA	NA	25.8297454744152	26.1490862447273	26.3449629405401	26.1466743224763	NA	NA
1493881224551	ADDDSVTIISAGNDK	P38011	2	38.592266	760.857195235	0.00111549079267726	0.0154309559653687	-0.492463818572297	29.5350652169072	29.3119582230293	29.2921193823891	29.2238165698783	29.8874640192147	29.7678225604631	29.7272105464687
