Cluster ID	Peptide Sequence	External IDs	Charge	Average RT	Average m/z	4-5_PValue	4-5_AdjPVal	4-5_log2FoldChange	featureAvg	s_125amol_1.s_125amol_2	s_125amol_3.s_125amol_4	s_12500amol_1.s_12500amol_2	s_12500amol_3.s_12500amol_4	s_25000amol_1.s_25000amol_2	s_25000amol_3.s_25000amol_4
1493882053114	AAAAEINVKD	P38156	2	20.250505	501.2679862621	0.107897127494166	0.263368666463208	-0.177808632347766	26.7430296409491	26.4662537435213	26.4955785170793	26.7447020053714	26.5727475199248	27.0862510080426	27.0926450517552
1493881927653	AAAAQDEITGDGTTTVVCLVGELLR	P39079	3	101.865166	854.1034586556	0.0626162334232489	0.245248939676558	0.220384964028781	26.6540894260649	26.8100064219876	26.8530763094825	26.6930444871327	26.5292683162799	26.5495631914477	26.4895778300594
1493881396345	AAADALSDLEIK,+	P09938	2	64.62951	608.8250074758	0.083429774263915	0.245248939676558	-0.154399344241835	28.5541572391379	28.4044665407445	28.3846786992142	28.5570691817698	28.5408747466725	28.7316336642652	28.7062206021613
1493881225551	AAADALSDLEIKDSK	P09938	2	50.1318	773.8997288964	0.0172370609612689	0.116681643430128	0.70232693677454	24.7676090180126	25.2254484833209	25.3774988324339	24.7403940329818	24.4578994092239	24.6326335047832	24.1717798453316
1493881763263	AAADALSDLEIKDSK	P09938	3	50.039753	516.2697216115	0.00179444024773817	0.0263184569668264	0.863643918577946	26.7240647580676	27.1402955696309	27.3652207046309	26.5070503341102	26.2711781029957	26.4519546714436	26.6086891655944
1493881234323	AAAEYEKGEYETAISTLNDAVEQGR	P15705	3	81.50826	905.7637891403	0.000271572153495199	0.0119491747537888	1.02238311599842	28.1786540766678	28.7750029091658	28.921553367608	27.8250885358934	27.8267015088836	27.7640123926947	27.9595657457613
1493882097470	AAAHYIR	P14540	2	32.6138	401.2219424832	NA	NA	NA	NA	NA	NA	NA	NA	27.8678589948475	NA
1493881220078	AAALVGQASGVEGHF	P19657	2	30.936956	707.3614414521	0.433773428615644	0.625771503576667	0.237623199809207	25.2070854832522	25.6335237082799	24.9368020895608	24.9985898272175	25.0964895710048	25.0709562023582	25.5061515010921
1493881773839	AAAPAQTTTDYK	Q06505	2	13.681122	619.3002225854	0.565268376181966	0.742442046328552	0.222355782560879	23.6146280876128	23.9244181040986	23.5207411972461	23.2584057287299	23.7420420074931	24.0631955033171	23.1789659847919
1493881232890	AAAPTVVFLDELDSIAK	P25694	2	98.53253	880.480182311	0.263414574958902	0.452984436706202	0.119070115297511	28.6104448853281	28.5964442289163	28.7081513052789	28.5066179957204	28.5598373078799	28.5713560516957	28.7202624224772
1493881207444	AAAPTVVFLDELDSIAK	P25694	3	98.52632	587.3222929294	0.283115272941376	0.452984436706202	0.118128122085206	26.9514461358195	26.9218427526428	27.0413417757788	26.7815178038231	26.9454104804281	26.9814116746322	27.0371523276121
1493881516292	AAAQDGYVPQR	P27692	2	17.471907	588.2934436831	0.0117724870992434	0.0941798967939475	1.45323626158678	24.2072491413291	25.6347371152071	24.54362848864	23.6499521165882	23.6219409640854	23.8223800241419	23.9708561393122
1493881231971	AAATFPIAQPATDVEAR	P40212,Q12690	2	60.826897	864.9495501166	0.971731920260739	0.98290125267753	0.00335183688728335	28.2723621615681	28.3082734734207	28.1476765716807	28.2370740416074	28.2121723297194	28.3959182713432	28.3330582816369
1493881438504	AACLLPK,+	P02768ups	2	28.21106	386.7292965685	0.0261268137985747	0.164225686733898	-1.03476711355203	27.2321098699407	26.3194859391947	26.1225180706865	26.8390919604932	27.6724462764921	28.4500488508617	27.9890681219159
1493881250250,1493881440092,1493881917799,1493881974430	AADALLLK	P00925,P00924	2	44.403503	407.7557621476	0.915709011653593	0.970872205126701	-0.0104370316760765	32.9015708334957	32.7904015503363	32.7425070666559	32.779247649955	32.7745350303893	33.2543250742894	33.0684086293481
1493881848778	AADCEPIEILLHLPLLCEDK	P39990	3	101.32164	783.7350394823	0.956339828608932	0.98290125267753	-0.015649034565655	26.2323290645391	26.4062844929259	26.3242191474876	26.3918471619558	26.369954547589	25.5501975104197	26.3514715268565
1493881465797	AADETAAAFYPSK	P32263	2	38.60521	671.3196130063	NA	NA	NA	NA	NA	28.1750329290378	27.9819614293041	28.0359393669258	28.1203725249753	28.2590247101591
1493881858472	AADGGVLQR	Q99258	2	14.55188	443.7402859332	NA	NA	NA	NA	25.2269022193425	25.4750891985933	23.1772779432791	NA	24.3908887026736	24.2147299120711
1162867,1493882039380	AADLINLAK,+	P07342	2	50.810345	464.7727569666	0.0632030385597828	0.245248939676558	0.52216542272086	26.6796943410813	27.2700692174371	26.6694918311425	26.3904386079969	26.5047915951409	26.694772276622	26.5486025181484
1493882071936	AAEAATTDLTYR	Q12363	2	29.963533	641.8174115323	0.084282840312245	0.245248939676558	-0.17214718738094	29.0803233378192	28.85012716309	28.8856237679274	28.9883796683518	29.0916656374275	29.3508083149866	29.315335475132
1493881242542	AAEEADADAELADEEDAIHDEL	P17967	2	81.75643	1171.4939071335	0.344583021189395	0.522815618356324	-0.087649604078873	27.5629995854936	27.4159201881241	27.5072439487174	27.5810834385733	27.5173799064259	27.6341499315301	27.7222200995907
1493882082029	AAEEAGVTDVK	P19097	2	14.869782	545.2741050673	0.188065449572124	0.344786657548894	-0.583142181713782	25.0773568929857	24.0044718344902	25.0795162782431	25.3020293113714	24.9482431647894	25.6553236996203	25.4745570693996
1493881475404	AAEENFNADDKTISDTAAVVGVK	P16862	3	63.290688	789.0558651017	0.169211363580081	0.316821276490364	0.209465895069592	27.5196723917884	27.5842128055732	27.7480690551659	27.5421210003954	27.3712290702045	27.31796568158	27.5544367378112
1493882128930	AAEIGVSGVVLSNHGGR	P00175	3	47.778522	541.6250282728	0.149406098796451	0.305761318467156	-0.77753753645403	23.867318081138	24.103351847076	22.7762555056192	24.1421210837132	24.2925613418901	24.1040160805352	23.7856026279941
1493881450119,1493881904796	AAEILLENR	P38689	2	40.273815	514.7923414331	0.0021020507964652	0.0264257814412767	-2.18805731150864	23.2785969480592	22.0762284434711	21.0083739071738	23.6913731503557	23.7693438233064	24.4795411758089	24.6467211882394
1493881574069,1493881617121,1493881639628,1493882026316	AAEPHAVSLAWSADGQTLFAGYTDNVIR	P38011	3	128.70183	987.4893841411	0.216591309502638	0.388980310943513	0.396025952667177	27.3576846026792	27.5092844575589	28.0765979703523	27.6849957527419	27.108834769835	26.7966086357466	26.9697860298404
1493881439306	AAFEDLK	P07149	2	28.602129	397.2082461749	0.894318327087813	0.959756253460092	0.011442134573926	27.9182729556735	27.8486959517458	27.8363266328436	27.7983993182017	27.8637389972398	28.1378552166701	28.0246216173399
1493881203445	AAFGLAEAGYK	Q00711,P47052	2	50.772182	549.2846683244	0.893657652638141	0.959756253460092	0.0176393497851848	26.1772870283062	26.1234519061002	26.2210167151995	26.3057203485294	26.0034695731998	26.1875214900585	26.2225421367499
17260,1493881424352,1493881872416,1493881915126,1493882096159	AAFGNCHGLYAGDIALRPEILAEHQK	P14540	3	82.140465	951.149197349	0.535800241832544	0.725391096634828	-0.313661741278921	27.1731308890054	26.390954283298	27.8148233872758	27.4255680807797	27.407533072352	26.9384057749159	27.0615007354111
19036,19263,208768,208970,415131,586627,1026955,1037883,1128721,1493881280760,1493881344501,1493881913469,1493881968370,1493882130328	AAFGNCHGLYAGDIALRPEILAEHQK	P14540	4	81.32956	713.6136344215	NA	NA	NA	NA	26.2848900959373	27.01086992455	NA	27.0423822921989	23.6324521253524	28.4538431691335
1493881185548	AAFIER	P49723	2	20.051712	353.697638474	0.280874847659901	0.452984436706202	0.134853170707355	28.0877552426905	27.9733618333528	28.1089507113759	28.0093510250756	27.8032551782385	28.2672224620174	28.3643902460828
1493881193467	AAFIYYR	P17649	2	48.11109	452.2397867465	0.120682275887615	0.263368666463208	0.21502987628061	26.2069456851291	26.3254531440321	26.2587915811219	26.2002836592535	25.9539013133393	26.198216454742	26.305027958286
1493881195750	AAFLGSEVR	P07256	2	39.16381	475.2590707344	0.754675081641404	0.935371932175261	0.0247256544462395	27.4925909477305	27.4713167483282	27.4104635148341	27.4433014916316	27.3890274626382	27.6124485155948	27.6289879533563
1493881212684	AAFNYQFDSIIEHSEK	P53252	3	78.51942	633.6359129309	0.122705855965813	0.263368666463208	-0.147402751533612	28.301996936886	28.2072461353296	28.1330652111248	28.327179817828	28.3079370316937	28.4590885506358	28.3774648747042
1493881218040	AAFTECCQAADK	P02768ups	2	18.55893	686.2866460068	NA	NA	NA	NA	NA	NA	27.8140893512135	28.3308401013072	29.1578699304564	28.230809151032
1493881245106	AAFVAIGNTYGFLTPNLWAEQPLPVSPLDIYSDEASAQK	P25443	3	103.38569	1398.7116950036	0.0281552954721412	0.165177733436562	-0.307815086451534	29.5693526925361	29.2540172479333	29.4635308511074	29.6542642574146	29.6789140145292	29.7014485611776	29.6639412230546
1493881239707	AAFVAIGNTYGFLTPNLWAEQPLPVSPLDIYSDEASAQK	P25443	4	103.39051	1049.284998837	0.0882740319593546	0.245248939676558	-0.399118624239875	29.310582374276	28.9291756796113	29.0089290869209	29.1996356219782	29.5367063930338	29.7959923056674	29.3930551584447
1493881429522	AAFVAIGNTYGFLTPNLWAEQPLPVSPLDIYSDEASAQKK	P25443	4	100.89487	1081.308629993	9.76873772464236e-05	0.00859648919768528	1.18078937307862	27.876571182752	28.7174411544943	28.5624472310107	27.4402864291349	27.4780232102128	27.5990278778792	27.4622011937801
1493881232089	AAGAGAGNVPSSTGEAGSGAEEEAKPEAK	P53163	3	21.624739	867.4071406799	0.168654227756276	0.316821276490364	0.251450390847562	25.2800509193339	25.5759382671344	25.2848371584394	25.1815997440883	25.1762748997904	25.0758780762266	25.3857773703245
1493881229841,1493881537342,1493881951277	AAGANVDNVWADVYAK	P10622	2	73.69203	832.4073873874	0.0512491740292609	0.225496365728748	-0.402237602206451	30.1186340747579	29.9532423901227	29.6532851814211	30.2547330311342	30.1562697448225	30.4900301806955	30.2042439203516
1493881190788	AAGFLLEK	P00560	2	47.033337	424.7465435252	0.800971444298661	0.939806494643762	0.0246057387623253	31.7381730053418	31.6535096086717	31.686925138279	31.6668474612872	31.6243758081389	31.9878506128845	31.8095294027896
1493881203098	AAGFLLEKEL	P00560	2	73.68914	545.8110293443	0.0806279761751178	0.245248939676558	-0.203856844413245	29.9410808305288	29.7587500749435	29.6639140860125	29.9707069632311	29.8596708865513	30.1399406783417	30.2535022940925
1493881322221	AAGLTAAYAR	Q12690,P40212	2	25.533195	482.7640819194	0.159837560429965	0.312571229285265	0.156014365041571	29.9695443997251	29.9654496776924	30.0013114580395	29.8307946240523	29.8239377815965	30.1923970468912	30.0033758100788
1493881702296	AAGLVDIATVLSTSAYLIESK	P00498	3	105.6642	708.0614397028	0.272974562906335	0.452984436706202	-0.79259431870873	24.5276960233042	24.576333370792	23.8443812790523	25.4769108112729	24.5289924759889	25.1413580047598	23.5982001979589
1493881228168	AAGNTVIIGGGDTATVAK	P00560	2	41.371334	808.4371699826	0.104807717775741	0.263368666463208	0.543546475472692	26.1207755729736	26.7815365633891	26.0668233438795	25.6943943948256	26.0668725614976	26.0685996560595	26.0464269181903
1493881200039	AAGQTSVEIR	P0CS90	2	17.560066	516.2771475764	0.865265748976541	0.959756253460092	-0.0137195503104905	27.7458121024888	27.6610703306612	27.6048352380397	27.6506322184222	27.6427124508997	27.9980184315202	27.9176039453895
1493881221777	AAGSAPANPIPVEEK	P39935	2	34.496723	725.8803989812	0.301848535866916	0.474333413505153	0.188931948598743	25.2218465729496	25.4386623016973	25.1035259378254	25.2185254713948	24.9457988709304	25.2434567202184	25.3811101356315
1493881215640	AAGSYYVEAQHK	Q12213,P05737	2	16.166739	662.3192275616	0.11991484479221	0.263368666463208	-0.305582829531929	27.3799751734591	27.0302481401406	27.0501618587315	27.5547660634263	27.1368095945096	27.6751070722626	27.8327583116842
1493882052561	AAGSYYVEAQHK	Q12213,P05737	3	16.404617	441.8790738424	0.790660096027485	0.939806494643762	0.0334120463319216	28.6645510978185	28.5715361921858	28.5166848290978	28.4639211903408	28.557475738279	29.076865244403	28.8008233926049
1493881208895,1493881208896	AAIAEEQILNK	P33421	2	37.645115	600.334837569	0.494745427951883	0.69107297872644	-0.081986964343983	26.9853131501712	26.7981606823258	26.8971156323364	26.8587669670632	27.0004832762869	27.2794095916966	27.0779427513182
1493881655253	AAIAKTGAAPIERV	P04710	2	66.75935	684.3986184611	0.514680587037129	0.707685807176052	0.0623924059929237	28.1691351509118	28.1673171469055	28.0786363324845	28.0379205742973	28.0832480931068	28.392027152382	28.2556616062949
1493881382372	AAIDFYTK	P16862	2	42.72254	464.7429468294	0.120758129791078	0.263368666463208	-0.643798627446813	27.358027674505	27.4083402373657	26.3988481150054	27.5193291669306	27.5754564403341	27.7082812041756	27.5379108832188
1493881205746	AAIEDGWVPGK	P06168	2	49.540073	571.7954636103	0.877446390251152	0.959756253460092	-0.0123996657072318	30.0395190552237	29.9462719048101	29.9691361271854	30.0129987924934	29.9272085709167	30.2082629824819	30.1732359534548
1493881865150	AAIVQIDATPFR	P0CX40,P0CX39	2	72.59133	651.3637804987	0.121367936048801	0.263368666463208	-0.17110898341631	30.4606962641923	30.2829062983158	30.2410533644414	30.4702522357125	30.3959253938773	30.7657432754308	30.6082970173758
1493882006158	AAIYLTAVLEYLTAEVLELAGNAAK	Q12692	3	114.713936	869.816132236	0.279643318869381	0.452984436706202	-0.528906909279247	22.3937139222456	21.9440550050783	22.2854733385501	23.0461171691767	22.2412249930102	21.9315992262681	22.9138138013905
1493881782609	AALEAGAFEAVTSNHWAEGGK	P07245	3	72.72578	706.0083209232	NA	NA	NA	NA	24.1241415107111	NA	NA	NA	NA	NA
1493881442657	AALEELVK,+	P12081ups	2	46.040184	436.7578928707	0.0759793284736203	0.245248939676558	-1.95780878296975	27.0341299182679	25.6232702200754	25.6919997825857	27.5733530048758	27.6575345637248	29.1526384025639	26.5059835357818
1493881207595	AALIGSLGSIFK	Q08601	2	90.46515	588.8539414061	0.613504499724226	0.793946999643116	0.059816133171541	24.0902437857716	24.1199457547834	24.1111234093435	24.1155631532681	23.9958737445157	24.2174959815437	23.9814606711752
1493881223713	AALLNQYFAQAYK	P46655	2	79.856316	750.8963716325	0.409874598496229	0.601149411127802	0.116197777921499	28.0867451587084	28.2593726807405	27.9794504907848	27.9634103478705	28.0430172678118	28.2179669395555	28.057253225487
1493882111660	AALLSSGNVK	P39730	2	25.470345	480.2793805093	0.774528127463343	0.939806494643762	0.0509762515220764	26.4423363106211	26.2625744795855	26.2598072566512	26.377599774182	26.0428294590105	27.0207488922525	26.6904580020451
1493881198680	AALQTYLPK	P15703	2	52.06141	502.7923588352	0.850489764067472	0.959756253460092	-0.0221902850279072	29.1719292113682	29.1459217412121	29.0563002938196	29.1488320197107	29.0977705853769	29.4149178333559	29.1678327947341
1493881227800	AALSNSNTPTMNNAAL 15.99492@M11	Q02875	2	48.16934	803.3837520102	0.153793733165196	0.307587466330392	-0.300354125819119	26.0805774620905	25.5437795047908	26.0322961198248	26.1365925411521	26.0401913351018	26.3413710391693	26.3892342325041
1493881194412	AALTDFER	P38754,P36105	2	37.803684	461.7350373427	0.0374581154005336	0.193900832661585	-0.266986910194898	29.113912564651	28.7797438981698	28.9278810660584	29.114955830573	29.126642954045	29.426462155282	29.3077894837776
1493881193379	AALTPTTVK,+	P38998	2	21.114641	451.2713427902	0.069320531048087	0.245248939676558	-0.211845933127897	26.9144160831982	26.640870234784	26.7271667011066	26.8345887574173	26.957140044729	27.2113184223386	27.1154123388135
1493881237171	AANLGGVAVSGLEMAQNSQK	P39708	2	73.91919	972.9950399525	0.308942967592076	0.476964581545661	0.280731412621517	25.20345713239	25.4322479498536	25.0332795687539	24.7359422785215	25.168122414843	25.2122781047966	25.6388724775715
1493881671516	AANLGGVAVSGLEMAQNSQK	P39708	3	74.00566	648.9992522009	0.0760803545091478	0.245248939676558	0.427731398830197	26.5257164582333	26.7968255020916	26.5881149928619	26.4642119996637	26.0652656976294	26.4708228123284	26.7690577448245
1493881237726	AANLGGVAVSGLEMAQNSQR	P07262	2	75.015594	986.9975910276	0.825267056676658	0.955572381415078	0.0250365917150681	27.176975769724	27.1559079586838	27.2411949465539	27.2895208135112	27.0575089082963	27.1367460071242	27.1809759841744
1493881777956,1493882094691,1493882187146	AANLGGVAVSGLEMAQNSQR	P07262	3	74.76165	658.3326235368	NA	NA	NA	NA	28.8311909599654	28.9460103678448	NA	29.0817423383536	29.2720774305861	NA
1493881227839	AANQGALPPDLSLIVK	P07143	2	86.11748	803.9559961058	0.0439093158896359	0.203369463067787	0.324668981328987	26.5606014063256	26.5687484118603	26.7966955644049	26.2634340524873	26.4526719611198	26.6320131704248	26.6500452776563
1493881213382,1493881273597	AAPENEKPAPVR	Q01855	2	10.625641	639.8433886505	0.0919683523787093	0.245248939676558	0.168122169186066	21.6584416915204	21.4916574050199	21.5495628389381	21.3078089354022	21.3971669701836	22.1294952770586	22.0749587225201
1006513,1230624,1493881771347,1493881771349,1493881771359,1493881863339,1493881863343,1493881881991,1493882183764	AAQDSFAAGWGVMVSHR	P00924	3	120.77774	597.2870389789	0.00428675658408618	0.041248859982497	1.02727749789654	26.5678835162063	27.0650034945075	27.5715921451576	26.1566893021498	26.4253513417221	26.1226934181995	26.0659713955015
39218,45428,53520,54005,81096,83931,166418,201862,266016,267696,296620,308287,314926,375315,375444,389794,393590,447648,489106,579173,589485,599061,666512,668954,676290,684864,688847,730100,730298,730348,765643,765819,826411,862633,873652,874322,910310,947933,951730,952158,952177,979034,986888,989221,989338,1021824,1022156,1022296,1039020,1041819,1046690,1109756,1132738,1192590,1231727,1232020,1493881210738,1493881271051,1493881271068,1493881397128,1493881460288,1493881460291,1493881460296,1493881652836,1493881652837,1493881652841,1493881683074,1493881683078,1493881699249,1493881699251,1493881699260,1493881699261,1493881721219,1493881721223,1493881773473,1493881773543,1493881820928,1493881863993,1493881905732,1493881977945,1493881988490,1493881996170,1493881996171,1493882012821,1493882012826,1493882022016,1493882047093,1493882047094,1493882060207,1493882060208,1493882082860,1493882107568,1493882107570,1493882148241	AAQDSFAANWGVMVSHR,+	P00925	3	111.943794	616.2939606728	0.0166978855510626	0.116681643430128	0.319144862874488	31.6207140022903	31.8672269281771	31.8303938782677	31.5171836832186	31.5421473974773	31.4037762888149	31.5635558377859
1493881196296	AAQDVWNR	P07149	2	21.937958	480.238262183	0.875051526652255	0.959756253460092	0.0124133490437508	28.2245692470364	28.1636129027476	28.1192027595665	28.1418210446347	28.1161679195918	28.3698003978714	28.4368104578064
1493881219850	AAQLGFNTACVEK	P09624	2	45.334675	704.8493647829	0.966749979441599	0.98290125267753	0.00391746589830078	28.798751774615	28.689691878125	28.7840327603826	28.7661186003544	28.6997711063566	28.9898485207963	28.8630477816751
1493881240385	AAQQQAQASGIMPSNEDVATK	P38879	2	36.62115	1073.0154375456	0.117771133696766	0.263368666463208	-0.307724190320734	25.1840477956066	25.0146031855213	24.8380840154505	25.4119080218696	25.0562275597437	25.4941727669382	25.2892912241162
1493881221926	AAQQQWGNDFYK	P19097	2	47.060673	728.336023817	0.782806002854097	0.939806494643762	0.0275764471396371	27.619933210746	27.5768090819694	27.5917249218917	27.6546287634163	27.4587523461656	27.7148615098932	27.7228226411401
1493881608634	AATDAVAAARTLQEGQSED	P32602	3	105.40621	635.3018462754	0.0416961124520111	0.203369463067787	0.705644145190035	29.4554046871652	29.8804793667325	29.9400400374006	29.4357927719532	28.9734383417998	28.956038562982	29.5466390421229
1493881229610	AATFPIAQPATDVEAR	P40212,Q12690	2	59.78321	829.4310625658	0.142708158652728	0.299007570510478	0.20758358595635	27.4936563411546	27.7218486622991	27.4431472986855	27.4203888204648	27.3294399686071	27.5318940525143	27.5152192443569
1493881839619	AATHPSPVAAK	P03962	2	9.024345	525.2904938882	NA	NA	NA	NA	21.8276485627842	22.6305159912107	NA	NA	21.3437051403434	20.8720398044119
1493882108795	AATSTAAEAASQETAKK	rP36124	2	68.306046	818.4080500332	NA	NA	NA	NA	21.9755674235357	NA	NA	NA	NA	NA
1493881219279	AAVDCECEFQNLEHNEK	Q06523	3	43.60454	698.2945934544	0.939978667722527	0.98290125267753	-0.0107182650691868	26.4825683564834	26.3649754098387	26.45337237742	26.5901185457539	26.2496657716431	26.5920480134589	26.6452300207857
1493881226866	AAVEEGILPGGGTALVK	P19882	2	68.821884	791.4462659375	0.622864045585199	0.794377333499964	0.0395679650938661	30.1726116364305	30.169441760342	30.1226956284196	30.1261592642097	30.0868421943641	30.2971746793901	30.2333562918573
1493881201287	AAVEEGILPGGGTALVK,+	P19882	3	68.79129	527.9665197474	0.479491451878362	0.680568512343481	-0.158813952917285	25.2713840715302	24.9667525659425	25.1146083905533	24.9907486049244	25.4082402574059	25.7758789418934	25.3720756684619
1493881201105	AAVIFNSSDK	P38288	2	29.135664	526.2742665535	0.24938544045996	0.43891837520953	0.224687604994969	26.5623017887471	26.7854997627098	26.765366942237	26.7356466584433	26.3658448365135	26.2074611567663	26.5139913758129
1493881918916,1493882171373	AAWPSFAR	Q01574	2	56.11065	453.2349832384	NA	NA	NA	NA	NA	24.9492678220172	24.9987382996758	25.1107810177027	25.5364197578219	25.430229525272
1493881592011	AAYALGGLGSGFANNEK	P07259	2	65.33199	820.4074775934	0.73995124737095	0.930224425266337	-0.0290701556729793	28.6593709071533	28.6537446048084	28.5426725909215	28.6074296545642	28.6471278525117	28.7180706825148	28.7871800575991
1493881186455	AAYGVVR	P05750	2	16.97708	368.2105397836	0.0895466947145702	0.245248939676558	0.158163776330017	28.0175159263413	27.9445114547701	27.9766346968824	27.8292567418253	27.7755618571671	28.2649900846178	28.3141407227853
1493881215633,1493881587669	AAYSYMFDSLR	Q12230	2	37.625175	662.3069775528	0.0657221987174047	0.245248939676558	0.304740823747647	26.7819080193639	27.1682683545533	26.8484356440151	26.6640898113593	26.7431325397139	26.6322737744119	26.63524799213
1493881224549,1493881410551	ACDDKIMYVDYK	P00549	2	43.10483	760.8414920295	0.00114809637240448	0.0252581201928984	3.15889279880426	26.5665605571761	28.7288701610887	28.4623689668424	25.9188780646613	24.9545754656612	26.1351955789412	25.199475105862
1493881995176	ACDDKIMYVDYK,+	P00549	3	42.697033	507.5633510066	0.000511762270530352	0.0150116932688903	2.15539260081175	28.4193771129568	29.8595227916074	29.7290963641178	27.7125544977233	27.5652794563783	27.4586153770021	28.1911941909121
1493881236958	ACDTSNDNFPLQYDGSK	P53738	2	50.063282	966.4073953166	0.0344992079989749	0.189745643994362	0.658386727642206	23.9887004074364	24.4303842754301	24.3953348700332	24.0432133975717	23.4657322926072	23.6461515007705	23.9513861082056
1493881204687	ACFDLVNRK	rP32945	2	30.02538	561.7880863301	0.0906277040915988	0.245248939676558	0.189979305033699	27.8415821638505	27.8880405874613	27.8633077353523	27.656754132198	27.7146355805482	27.8825618013038	28.0441931462392
1493881768900	ACGIIISEER	P30822	2	37.088863	574.2915010787	NA	NA	NA	NA	25.4139038172848	24.4329886058129	24.4882278902281	24.3860866670956	25.4053457417402	NA
1493881215451	ACGPCIGQWDR	P19414	2	45.081978	660.2843530618	0.00394230431781034	0.041248859982497	-0.431877005136943	26.5153164411239	26.1540215310573	26.1967569181395	26.6475374213706	26.5669950381	26.8133971708811	26.7131905671948
1493882061135	ACGVSRPVIAASITTNDASAIK	P39990	3	57.45605	734.7229217061	0.559996562607917	0.742442046328552	-0.136558703546733	25.2857369916748	25.5058747778041	25.0892974777418	25.574505469533	25.2937841931064	25.3197546616456	24.9312053702179
900294,1493881827017	ACIGGTSFVEDAEGLR	P10081	2	72.12412	841.3993257659	0.00468737045255648	0.041248859982497	0.841773780607291	24.7012645447088	25.4209573626468	25.2597067052711	24.6833268410072	24.3137896656961	24.1458993482196	24.3839073454117
1493881189590	ACVLVVSDIKK	P32377	3	41.56953	411.2407770629	0.986060499504274	0.986060499504274	0.00497123626617224	26.3261146975556	26.4564519305047	26.2673582138917	26.2320117751897	26.4818558966744	26.6286084023172	25.890401966756
1493881227176	ACVVYGGSPIGNQLR	P06634	2	55.396072	795.9063752541	0.37520292680499	0.559624704387104	0.118298207014114	25.5279265904244	25.6082703908961	25.5606089276467	25.4676681076588	25.4646147968557	25.6832813234922	25.3831159959971
1276408,1493881522131	ADAEWVQSTASK	P39935	2	27.100904	646.8094332552	NA	NA	NA	NA	25.9982336462055	26.2704956646906	26.1466743224763	NA	26.2722573000533	26.0435857203774
1493881224551	ADDDSVTIISAGNDK	P38011	2	38.592266	760.857195235	0.00143645042242735	0.0252815274347214	-0.485751793643356	29.6859396075385	29.3020729035141	29.3236562375052	29.8288831550219	29.7683495732841	29.9352347558785	29.9574410200274
